run,server,leg_from,leg_to,start_n,end_n,ticks,seconds,path_blocks,method,start_t,end_t,start_reason,start_kind,tp_blocks,ticks_n
0300d7,alpha.hypixel.net,at s2 mid low,at ss,740,980,240,12.0,158.4,sprint+bonzox2+lava-contact,748,988,passthrough,pt,0.0,240
0300d7,alpha.hypixel.net,at ss,at s1 t2,3030,3047,17,0.85,14.6,walk,3043,3060,passthrough,pt,0.0,17
0300d7,alpha.hypixel.net,at s1 t2,at s1 t1,3048,3056,8,0.4,6.5,walk,3061,3069,passthrough,pt,0.0,8
0300d7,alpha.hypixel.net,at s1 t1,at ss,3062,3123,61,3.05,43.0,walk+lava-contact,3075,3136,passthrough,pt,0.0,61
0300d7,alpha.hypixel.net,at s1 right lever,at ss,3380,3395,15,0.75,16.4,sprint,3393,3408,passthrough,pt,0.0,15
0c720f,stuck.hypixel.net,at ss,at s1 right path,78839,78842,7,0.35,6.8,sprint+bonzo,81433,81440,passthrough,pt,0.0,3
0c720f,stuck.hypixel.net,at s1 right path,at s1 right lever,78845,78920,69,3.45,43.8,walk+lava-contact,81445,81514,passthrough,pt,0.0,75
0c720f,stuck.hypixel.net,at s1 right lever,at ee2,78944,79060,120,6.0,97.3,sprint+teleport(DUNGEONBREAKER)+lava-contact,81539,81659,passthrough,pt,3.0,116
0c720f,stuck.hypixel.net,at s2 t2,in core,79467,79652,188,9.4,139.2,sprint+teleport(DUNGEONBREAKER)+lava-contact,82071,82259,passthrough,pt,3.0,185
0c720f,stuck.hypixel.net,in core,at ee4,79660,79665,4,0.2,1.9,walk,82268,82272,passthrough,pt,0.0,5
0c720f,stuck.hypixel.net,at ee4,in core,79967,79970,2,0.1,2.2,sprint,82580,82582,passthrough,pt,0.0,3
15c4ae,stuck.hypixel.net,at ss,at s1 right path,98559,98566,7,0.35,6.3,sprint+bonzo,101535,101542,passthrough,pt,0.0,7
15c4ae,stuck.hypixel.net,at s1 right path,at s1 right lever,98570,98575,5,0.25,6.2,sprint,101546,101551,passthrough,pt,0.0,5
15c4ae,stuck.hypixel.net,at s1 right lever,at s1 left lever,98656,98665,9,0.45,9.4,sprint,101633,101642,passthrough,pt,0.0,9
15c4ae,stuck.hypixel.net,at s1 left lever,at s2 t1,98671,98749,79,3.95,63.4,sprint,101647,101726,passthrough,pt,0.0,78
15c4ae,stuck.hypixel.net,at s2 t1,at ee2,98822,98864,43,2.15,42.8,sprint+teleport(DUNGEONBREAKER)+lava-contact,101799,101842,passthrough,pt,3.0,42
15c4ae,stuck.hypixel.net,at ee2,at s2 t2,98987,99013,26,1.3,22.0,sprint,101966,101992,passthrough,pt,0.0,26
15c4ae,stuck.hypixel.net,at s2 t5,in core,99193,99296,105,5.25,111.2,sprint+teleport(DUNGEONBREAKER)+lava-contact,102175,102280,passthrough,pt,3.0,103
15c4ae,stuck.hypixel.net,in core,at ee4,99307,99312,5,0.25,2.0,walk,102291,102296,passthrough,pt,0.0,5
15c4ae,stuck.hypixel.net,at ee4,in core,99598,99602,4,0.2,2.0,sprint,102584,102588,passthrough,pt,0.0,4
15c4ae,stuck.hypixel.net,in core,at ee4,99646,99856,212,10.6,5.5,walk,102633,102845,passthrough,pt,0.0,210
1762cc,stuck.hypixel.net,at s4 t3,at s1 t3,24994,25307,316,15.8,73.9,walk+teleport(STARRED_BONZO_STAFF)+leap+lava-contact,25630,25946,passthrough,pt,70.8,313
1762cc,stuck.hypixel.net,at s1 t3,at ee2,25312,25348,35,1.75,4.7,walk+leap,25952,25987,passthrough,pt,64.7,36
1762cc,stuck.hypixel.net,at ee2,at s2 t3,25356,25418,62,3.1,55.9,sprint+bonzo+jerry,25996,26058,passthrough,pt,0.0,62
1762cc,stuck.hypixel.net,at s2 t3,at s2 t5,25448,25487,39,1.95,32.0,sprint+lava-contact,26089,26128,passthrough,pt,0.0,39
1762cc,stuck.hypixel.net,at s2 t5,at ee3,25499,25558,60,3.0,0.0,leap,26140,26200,depart,settled,46.5,59
1762cc,stuck.hypixel.net,at ee3,at ee4,25564,25677,116,5.8,73.1,walk+leap+bonzox2+lava-contact,26206,26322,passthrough,pt,55.6,113
1762cc,stuck.hypixel.net,at ee4,at s4 t3,25683,25700,19,0.95,22.3,sprint,26328,26347,key,settled,0.0,17
1762cc,stuck.hypixel.net,at s4 t3,at s4 right lever,25773,25800,28,1.4,31.3,sprint+lava-contact,26419,26447,passthrough,pt,0.0,27
1762cc,stuck.hypixel.net,at s4 right lever,at s4 left lever,25807,25819,12,0.6,9.0,no-input+bonzo,26454,26466,passthrough,pt,0.0,12
1762cc,stuck.hypixel.net,at s4 left lever,in core,25825,25838,12,0.6,9.9,walk+leap,26472,26484,passthrough,pt,31.5,13
182db7,stuck.hypixel.net,at ss,at s1 right lever,50172,50187,16,0.8,15.9,sprint+bonzo,51704,51720,passthrough,pt,0.0,15
182db7,stuck.hypixel.net,at s1 right lever,at s1 left lever,50266,50274,9,0.45,9.0,walk,51799,51808,passthrough,pt,0.0,8
182db7,stuck.hypixel.net,at s1 left lever,at ee2,50278,50392,115,5.75,86.2,sprint+teleport(DUNGEONBREAKER)+lava-contact,51812,51927,passthrough,pt,3.0,114
182db7,stuck.hypixel.net,at ee2,at s2 t2,50532,50593,61,3.05,54.3,sprint+lava-contact,52069,52130,passthrough,pt,0.0,61
182db7,stuck.hypixel.net,at s2 t2,in core,50643,50701,59,2.95,67.8,sprint,52180,52239,passthrough,pt,0.0,58
182db7,stuck.hypixel.net,in core,at ee4,50709,50710,1,0.05,1.1,sprint,52247,52248,passthrough,pt,0.0,1
182db7,stuck.hypixel.net,at ee4,in core,50909,50910,2,0.1,2.2,sprint,52448,52450,passthrough,pt,0.0,1
182db7,stuck.hypixel.net,in core,at ee4,50938,51049,111,5.55,4.1,walk,52477,52588,passthrough,pt,0.0,111
182db7,stuck.hypixel.net,at ee4,in core,51089,51090,2,0.1,2.2,sprint,52628,52630,passthrough,pt,0.0,1
1a6c46,alpha.hypixel.net,at s1 t4,at s1 t3,6095,6112,17,0.85,12.6,walk,6115,6132,depart,settled,0.0,17
1a6c46,alpha.hypixel.net,at s1 t3,at s1 t1,6186,6246,60,3.0,34.5,walk,6206,6266,passthrough,pt,0.0,60
1a6c46,alpha.hypixel.net,at s1 t1,at s1 t2,6325,6374,49,2.45,29.4,walk+lava-contact,6345,6394,key,settled,0.0,49
1a6c46,alpha.hypixel.net,at s1 t2,at ss,6407,6502,95,4.75,74.4,sprint+lava-contact,6427,6522,passthrough,pt,0.0,95
1a6c46,alpha.hypixel.net,at ss,at s1 right path,6571,6579,8,0.4,10.0,sprint+bonzo,6592,6600,key,settled,0.0,8
1a6c46,alpha.hypixel.net,at s1 right path,at s1 right lever,6580,6585,5,0.25,6.4,sprint,6601,6606,passthrough,pt,0.0,5
1a6c46,alpha.hypixel.net,at s1 right lever,at s1 left lever,6642,6651,9,0.45,9.3,sprint,6663,6672,passthrough,pt,0.0,9
1a6c46,alpha.hypixel.net,at s1 left lever,at ss,6762,7036,274,13.7,186.1,walk+bonzo+lava-contact,6783,7057,passthrough,pt,0.0,274
1a6c46,alpha.hypixel.net,at ss,at s1 right path,7040,7046,6,0.3,6.2,walk,7061,7067,passthrough,pt,0.0,6
1a6c46,alpha.hypixel.net,at s1 right path,at ss,7313,7319,6,0.3,6.0,sprint,7335,7341,passthrough,pt,0.0,6
1a6c46,alpha.hypixel.net,at ss,at s1 right lever,7321,8940,1670,83.5,902.1,walk+leapx3+bonzox2+jerryx28+lava-contact,7343,9013,passthrough,pt,112.8,1619
1a6c46,alpha.hypixel.net,at s1 right lever,at s1 right path,8944,9023,79,3.95,63.3,walk+bonzo+lava-contact,9017,9096,passthrough,pt,0.0,79
1a6c46,alpha.hypixel.net,at s1 right path,at ss,9025,9051,27,1.35,18.6,sprint+jerryx2,9098,9125,passthrough,pt,0.0,26
1a6c46,alpha.hypixel.net,at ss,at s1 right path,9055,9061,6,0.3,6.7,sprint,9129,9135,passthrough,pt,0.0,6
1a6c46,alpha.hypixel.net,at s1 right path,at s1 right lever,9064,9156,94,4.7,77.1,walk+lava-contact,9138,9232,passthrough,pt,0.0,92
1a6c46,alpha.hypixel.net,at s1 right lever,at s1 right path,9173,9418,246,12.3,79.3,walk+bonzox17+jerryx2+lava-contact,9249,9495,passthrough,pt,0.0,245
1a6c46,alpha.hypixel.net,at s1 right path,at s1 right lever,9483,9496,13,0.65,7.3,walk,9560,9573,passthrough,pt,0.0,13
1a6c46,alpha.hypixel.net,at s1 right lever,at ss,11687,11702,15,0.75,16.1,sprint,11769,11784,passthrough,pt,0.0,15
1a6c46,alpha.hypixel.net,at ss,at s1 right path,11706,11810,104,5.2,73.1,sprint+lava-contact,11788,11892,passthrough,pt,0.0,104
1a6c46,alpha.hypixel.net,at s1 right path,at s2 t1,12050,12558,509,25.45,100.6,walk+bonzo+lava-contact,12132,12641,passthrough,pt,0.0,508
1a6c46,alpha.hypixel.net,at s2 t1,at s2 t2,12677,12744,67,3.35,32.5,walk+lava-contact,12761,12828,passthrough,pt,0.0,67
1a6c46,alpha.hypixel.net,at s2 t2,at s2 t3,13292,13330,38,1.9,22.6,sprint,13377,13415,passthrough,pt,0.0,38
1a6c46,alpha.hypixel.net,at s2 t3,at s2 t4,13411,13450,39,1.95,28.3,sprint,13496,13535,key,settled,0.0,39
1a6c46,alpha.hypixel.net,at s2 t4,at s2 t5,13493,13584,91,4.55,71.7,walk+lava-contact,13578,13669,passthrough,pt,0.0,91
1a6c46,alpha.hypixel.net,at s2 t5,at s2 t3,14003,14084,81,4.05,28.0,walk+lava-contact,14089,14170,passthrough,pt,0.0,81
1a6c46,alpha.hypixel.net,at s2 t3,at s2 t5,14084,14331,247,12.35,187.8,sprint+jerryx2+bonzox2+lava-contact,14171,14418,passthrough,pt,0.0,247
1a6c46,alpha.hypixel.net,at s2 t5,at s2 t3,14391,14443,52,2.6,21.4,walk,14479,14531,passthrough,pt,0.0,52
1a6c46,alpha.hypixel.net,at s2 t3,at s2 right lever,14485,14641,156,7.8,103.4,sprint+jerryx2+bonzox3+lava-contact,14573,14729,depart,settled,0.0,156
1a6c46,alpha.hypixel.net,at s2 right lever,at ee2,14643,14778,135,6.75,53.7,walk+bonzo+jerryx4,14731,14866,passthrough,pt,0.0,135
1a6c46,alpha.hypixel.net,at ee2,at s2 high path,14869,14892,23,1.15,24.1,sprint+bonzo,14957,14980,passthrough,pt,0.0,23
1a6c46,alpha.hypixel.net,at s2 high path,at s2 left lever,14896,14902,6,0.3,6.4,sprint,14984,14990,passthrough,pt,0.0,6
1a6c46,alpha.hypixel.net,at s2 left lever,at s2 high path,16886,16899,13,0.65,8.4,sprint,16977,16990,depart,settled,0.0,13
1a6c46,alpha.hypixel.net,at s2 high path,at s2 left lever,17168,17403,237,11.85,80.1,walk+jerryx2+lava-contact,17259,17496,passthrough,pt,0.0,235
1a6c46,alpha.hypixel.net,at s2 left lever,at s2 high path,17466,17514,48,2.4,7.5,walk,17559,17607,passthrough,pt,0.0,48
1a6c46,alpha.hypixel.net,at s2 high path,at s2 left lever,17850,17939,89,4.45,15.2,walk,17944,18033,passthrough,pt,0.0,89
1a6c46,alpha.hypixel.net,at s2 left lever,at s2 right lever,19061,19071,10,0.5,9.7,walk,19157,19167,key,settled,0.0,10
1a6c46,alpha.hypixel.net,at s2 right lever,at s2 t2,19143,19276,132,6.6,46.8,walk,19240,19372,passthrough,pt,0.0,133
1a6c46,alpha.hypixel.net,at s2 mid high,at s2 mid low,19375,19430,55,2.75,24.0,walk,19472,19527,passthrough,pt,0.0,55
1a6c46,alpha.hypixel.net,at s2 mid low,at s2 right lever,19579,19631,53,2.65,49.1,sprint+bonzo,19676,19729,passthrough,pt,0.0,52
1a6c46,alpha.hypixel.net,at s2 right lever,at ee2,19662,19757,95,4.75,73.8,sprint+jerry+lava-contact,19760,19855,passthrough,pt,0.0,95
1a6c46,alpha.hypixel.net,at ee2,at s2 high path,19977,20111,160,8.0,125.7,walk+bonzox2+jerryx5+lava-contact,20104,20264,key,settled,0.0,134
1a6c46,alpha.hypixel.net,at s2 high path,at s3 t1,20112,20204,91,4.55,59.6,sprint,20265,20356,passthrough,pt,0.0,92
1a6c46,alpha.hypixel.net,at s3 t1,at s3 t3,20264,20405,142,7.1,59.1,walk+bonzo+jerryx2+lava-contact,20416,20558,passthrough,pt,0.0,141
1a6c46,alpha.hypixel.net,at s3 t3,at s3 t2,20497,20601,104,5.2,64.7,walk+bonzo+lava-contact,20650,20754,passthrough,pt,0.0,104
1a6c46,alpha.hypixel.net,at s3 t2,at s3 t4,20677,20720,43,2.15,29.4,sprint+lava-contact,20830,20873,passthrough,pt,0.0,43
1a6c46,alpha.hypixel.net,at s3 t4,at s3 left lever,20780,20818,38,1.9,39.0,sprint+lava-contact,20933,20971,passthrough,pt,0.0,38
1a6c46,alpha.hypixel.net,at s3 left lever,at arrows,20830,20964,134,6.7,109.9,sprint+lava-contact,20983,21117,depart,settled,0.0,134
1a6c46,alpha.hypixel.net,at arrows,at s3 left lever,21033,21200,167,8.35,69.6,walk+lava-contact,21186,21353,passthrough,pt,0.0,167
1a6c46,alpha.hypixel.net,at s3 left lever,at s3 t4,21203,21351,148,7.4,100.3,walk+lava-contact,21356,21504,passthrough,pt,0.0,148
1a6c46,alpha.hypixel.net,at ee3,at s3 t4,22037,22080,44,2.2,34.5,sprint+lava-contact,22191,22235,passthrough,pt,0.0,43
1a6c46,alpha.hypixel.net,at s3 t4,at s3 left lever,22081,22157,76,3.8,62.5,sprint+lava-contact,22236,22312,passthrough,pt,0.0,76
1a6c46,alpha.hypixel.net,at s3 left lever,at s3 right lever,22166,22172,6,0.3,5.4,walk+bonzo,22321,22327,passthrough,pt,0.0,6
1a6c46,alpha.hypixel.net,at s3 right lever,at s3 left lever,22184,22201,17,0.85,14.1,sprint+bonzox2,22339,22356,passthrough,pt,0.0,17
1a6c46,alpha.hypixel.net,at s3 left lever,at s3 right lever,22869,22915,46,2.3,30.4,walk+bonzo+jerry,23026,23072,passthrough,pt,0.0,46
1a6c46,alpha.hypixel.net,at s3 right lever,in core,22996,23387,392,19.6,137.2,walk+leap+bonzo+lava-contact,23153,23545,passthrough,pt,56.0,391
1a6c46,alpha.hypixel.net,in core,at ee4,23874,23953,79,3.95,2.6,walk,24032,24111,key,settled,0.0,79
1a6c46,alpha.hypixel.net,at ee4,in core,23960,23965,5,0.25,2.4,walk,24118,24123,passthrough,pt,0.0,5
1a6c46,alpha.hypixel.net,in core,at s4 t4,24148,24309,161,8.05,42.6,walk+lava-contact,24307,24468,passthrough,pt,0.0,161
1a6c46,alpha.hypixel.net,at s4 t4,in core,24314,24335,21,1.05,6.2,walk,24473,24494,passthrough,pt,0.0,21
1a6c46,alpha.hypixel.net,in core,at s4 t4,24336,24367,31,1.55,7.0,walk,24495,24526,passthrough,pt,0.0,31
1a6c46,alpha.hypixel.net,at s4 t4,in core,24448,24460,12,0.6,5.1,walk,24607,24619,passthrough,pt,0.0,12
1a6c46,alpha.hypixel.net,in core,at s4 t4,24843,24847,4,0.2,6.7,sprint,25002,25006,depart,settled,0.0,4
1a6c46,alpha.hypixel.net,at s4 t4,in core,25110,25134,24,1.2,6.2,walk,25269,25293,passthrough,pt,0.0,24
1a6c46,alpha.hypixel.net,in core,at s4 t4,25156,25161,5,0.25,6.4,walk,25315,25320,passthrough,pt,0.0,5
1a6c46,alpha.hypixel.net,at s4 t4,in core,25202,25205,3,0.15,5.7,sprint,25361,25364,passthrough,pt,0.0,3
1a6c46,alpha.hypixel.net,in core,at s4 t4,25217,25221,4,0.2,5.3,walk,25376,25380,passthrough,pt,0.0,4
1a6c46,alpha.hypixel.net,at s4 t4,in core,25668,25854,187,9.35,17.8,walk,25828,26015,passthrough,pt,0.0,186
1a6c46,alpha.hypixel.net,in core,at s4 left lever,27495,27922,429,21.45,264.4,walk+bonzo+lava-contact,27702,28131,passthrough,pt,0.0,427
1a6c46,alpha.hypixel.net,at s4 left lever,at s4 t1,28990,29635,647,32.35,540.4,sprint+bonzox19+lava-contact,29201,29848,passthrough,pt,0.0,645
1a6c46,alpha.hypixel.net,at s4 t1,at s4 t2,29779,29794,14,0.7,17.8,no-input+lava-contact,29993,30007,passthrough,pt,0.0,15
1a6c46,alpha.hypixel.net,at s4 t2,at s4 t1,29795,29813,83,4.15,25.4,walk+lava-contact,30009,30092,passthrough,pt,0.0,18
1a6c46,alpha.hypixel.net,at s4 t1,at s4 t2,29931,29989,59,2.95,41.9,walk+lava-contact,30192,30251,passthrough,pt,0.0,58
1a6c46,alpha.hypixel.net,at s4 t2,at s4 t1,30040,30091,51,2.55,36.2,walk,30302,30353,passthrough,pt,0.0,51
1a6c46,alpha.hypixel.net,at s4 t1,at s4 t3,30257,30482,225,11.25,77.4,walk+bonzo+lava-contact,30519,30744,passthrough,pt,0.0,225
1a6c46,alpha.hypixel.net,at s4 t3,at s4 t1,30519,30665,146,7.3,89.4,walk+bonzo+lava-contact,30782,30928,passthrough,pt,0.0,146
1a6c46,alpha.hypixel.net,at s4 t1,at s4 t3,31158,31458,300,15.0,114.5,walk+lava-contact,31422,31722,passthrough,pt,0.0,300
1a6c46,alpha.hypixel.net,at s4 t3,at s4 t4,31459,32187,729,36.45,393.8,walk+lava-contact,31723,32452,passthrough,pt,0.0,728
1a6c46,alpha.hypixel.net,at s4 t4,at s4 right lever,32235,32363,172,8.6,92.1,sprint+lava-contact,32500,32672,passthrough,pt,0.0,128
1a6c46,alpha.hypixel.net,at s4 right lever,at s4 left lever,32529,32535,6,0.3,7.1,sprint,32839,32845,passthrough,pt,0.0,6
207123,alpha.hypixel.net,at s1 left lever,at s1 t4,7854,8159,305,15.25,224.4,sprint+bonzox2+lava-contact,7862,8167,passthrough,pt,0.0,305
207123,alpha.hypixel.net,at s1 t4,at ss,8163,8223,60,3.0,44.6,sprint+lava-contact,8171,8231,passthrough,pt,0.0,60
207123,alpha.hypixel.net,at ss,at s1 right path,8403,8409,5,0.25,5.4,sprint,8412,8417,passthrough,pt,0.0,6
207123,alpha.hypixel.net,at s1 right path,at ss,8500,8614,114,5.7,78.4,sprint+bonzo+jerryx3+lava-contact,8509,8623,passthrough,pt,0.0,114
207123,alpha.hypixel.net,at ss,at s1 right path,8616,8642,26,1.3,21.5,sprint+jerry+bonzo,8625,8651,passthrough,pt,0.0,26
207123,alpha.hypixel.net,at ss,at s1 right path,8896,9137,242,12.1,197.5,sprint+bonzox13+jerry+lava-contact,8906,9148,passthrough,pt,0.0,241
207123,alpha.hypixel.net,at s1 right path,at s1 right lever,9144,9152,9,0.45,7.6,sprint,9154,9163,passthrough,pt,0.0,8
207123,alpha.hypixel.net,at s1 right lever,at s1 left lever,9447,9456,9,0.45,8.8,walk,9458,9467,passthrough,pt,0.0,9
207123,alpha.hypixel.net,at s1 left lever,at s1 t4,9726,9758,32,1.6,12.9,walk,9737,9769,passthrough,pt,0.0,32
207123,alpha.hypixel.net,at s1 t4,at ss,9785,9939,155,7.75,145.5,sprint+jerry+bonzox2+lava-contact,9797,9952,passthrough,pt,0.0,154
207123,alpha.hypixel.net,at ss,at s1 t2,9944,10083,140,7.0,107.4,sprint+jerry+bonzox3+lava-contact,9956,10096,passthrough,pt,0.0,139
207123,alpha.hypixel.net,at s1 t2,at ss,10085,10123,37,1.85,21.3,sprint,10098,10135,passthrough,pt,0.0,38
207123,alpha.hypixel.net,at ss,at s1 right path,10135,10222,87,4.35,63.6,sprint+bonzo+jerry+lava-contact,10148,10235,passthrough,pt,0.0,87
207123,alpha.hypixel.net,at s1 right path,at s1 right lever,10227,10232,5,0.25,6.5,sprint,10240,10245,passthrough,pt,0.0,5
207123,alpha.hypixel.net,at s1 right lever,at ee2,10268,10569,302,15.1,205.4,walk+bonzo+jerryx5+lava-contact,10281,10583,passthrough,pt,0.0,301
207123,alpha.hypixel.net,at ee2,at s2 high path,10575,10599,24,1.2,25.0,sprint+bonzo,10589,10613,aim,settled,0.0,24
207123,alpha.hypixel.net,at s2 high path,at s2 left lever,10603,10611,8,0.4,7.0,sprint,10617,10625,passthrough,pt,0.0,8
207123,alpha.hypixel.net,at s2 left lever,at s2 high path,10620,10628,8,0.4,8.0,sprint,10634,10642,passthrough,pt,0.0,8
207123,alpha.hypixel.net,at s2 high path,at s2 mid high,10631,10747,116,5.8,41.1,walk+jerryx2,10645,10761,passthrough,pt,0.0,116
207123,alpha.hypixel.net,at s2 mid high,at s2 t5,11304,11314,10,0.5,8.2,sprint,11319,11329,key,settled,0.0,10
207123,alpha.hypixel.net,at s2 t5,at s2 t3,11320,11604,285,14.25,169.5,sprint+jerry+bonzox2+lava-contact,11335,11620,passthrough,pt,0.0,284
207123,alpha.hypixel.net,at s2 t3,at s2 right lever,11606,11753,148,7.4,103.8,sprint+bonzo+lava-contact,11622,11770,passthrough,pt,0.0,147
207123,alpha.hypixel.net,at s2 right lever,at s2 t5,11805,11943,139,6.95,88.2,walk+jerry+lava-contact,11822,11961,passthrough,pt,0.0,138
207123,alpha.hypixel.net,at s2 t5,in core,12120,12192,73,3.65,80.5,sprint,12138,12211,key,settled,0.0,72
207123,alpha.hypixel.net,in core,at ee4,12207,12209,2,0.1,2.0,walk,12226,12228,passthrough,pt,0.0,2
207123,alpha.hypixel.net,at ee4,at s2 t3,12209,12286,77,3.85,35.3,walk+leap+lava-contact,12228,12305,depart(use-click),settled,73.8,77
207123,alpha.hypixel.net,at s2 t3,at s3 t4,12293,12743,451,22.55,345.6,sprint+leap+jerryx9+bonzox12+lava-contact,12312,12763,passthrough,pt,76.7,450
207123,alpha.hypixel.net,at s3 t4,at s3 left lever,12748,12789,41,2.05,38.7,sprint+bonzo+lava-contact,12768,12809,passthrough,pt,0.0,41
207123,alpha.hypixel.net,at s3 left lever,at s3 right lever,12799,12806,7,0.35,5.5,sprint+bonzo,12819,12826,passthrough,pt,0.0,7
207123,alpha.hypixel.net,at s3 right lever,at s3 t3,12813,12998,186,9.3,162.0,sprint+jerryx2+bonzox6+lava-contact,12833,13019,passthrough,pt,0.0,185
207123,alpha.hypixel.net,at s3 t3,at s2 t3,13022,13341,320,16.0,198.8,walk+bonzox3+jerryx2+lava-contact,13043,13363,key,settled,0.0,319
207123,alpha.hypixel.net,at s2 t3,at ee2,13343,14647,1307,65.35,1101.8,sprint+bonzox42+jerryx6+lava-contact,13365,14672,passthrough,pt,0.0,1304
207123,alpha.hypixel.net,at ee2,at s2 t5,14648,14776,128,6.4,87.8,sprint+bonzo+lava-contact,14673,14801,passthrough,pt,0.0,128
207123,alpha.hypixel.net,at s2 t5,at s2 right lever,14779,14797,18,0.9,11.1,sprint,14804,14822,passthrough,pt,0.0,18
207123,alpha.hypixel.net,at s2 right lever,at s4 t4,14804,14996,192,9.6,144.4,sprint+leap+jerryx2+bonzox3+lava-contact,14829,15021,passthrough,pt,79.5,192
207123,alpha.hypixel.net,at s4 t4,at ee4,15023,15054,31,1.55,35.6,sprint,15048,15079,passthrough,pt,0.0,31
207123,alpha.hypixel.net,at ee4,at s4 t1,15489,15788,343,17.15,181.0,walk+bonzox7+jerryx4,15516,15859,passthrough,pt,0.0,299
207123,alpha.hypixel.net,at s4 t1,at ee4,15789,15880,93,4.65,67.4,sprint+jerryx3+bonzo+lava-contact,15860,15953,passthrough,pt,0.0,91
207123,alpha.hypixel.net,at ee4,at s4 t1,15909,15925,16,0.8,18.5,sprint,15981,15997,passthrough,pt,0.0,16
207123,alpha.hypixel.net,at s4 t1,at ee4,15937,15985,48,2.4,43.9,sprint+bonzo+lava-contact,16009,16057,passthrough,pt,0.0,48
207123,alpha.hypixel.net,at ee4,at s4 t1,16008,16025,17,0.85,20.0,sprint,16080,16097,depart,settled,0.0,17
207123,alpha.hypixel.net,at s4 t1,at ee4,16071,16095,25,1.25,31.3,sprint+jerry+bonzo,16143,16168,passthrough,pt,0.0,24
207123,alpha.hypixel.net,at ee4,at s4 t1,16152,16171,18,0.9,22.0,sprint,16225,16243,key,settled,0.0,19
207123,alpha.hypixel.net,at s4 t1,at ee4,16175,16239,65,3.25,42.3,sprint+jerryx3+bonzox2+lava-bounce,16247,16312,passthrough,pt,0.0,64
207123,alpha.hypixel.net,at ee4,at s4 t1,16329,16356,27,1.35,24.2,sprint,16402,16429,depart,settled,0.0,27
207123,alpha.hypixel.net,at s4 t1,at ee4,16364,16477,113,5.65,57.1,sprint+bonzox2+jerryx3,16437,16550,passthrough,pt,0.0,113
207123,alpha.hypixel.net,at ee4,at s4 t1,16495,16512,17,0.85,21.8,sprint,16568,16585,depart,settled,0.0,17
207123,alpha.hypixel.net,at s4 t1,at s4 t2,16519,16536,16,0.8,10.9,sprint+bonzo,16593,16609,passthrough,pt,0.0,17
207123,alpha.hypixel.net,at s4 t2,at ee4,16537,16585,48,2.4,27.7,walk,16610,16658,passthrough,pt,0.0,48
207123,alpha.hypixel.net,at ee4,at s4 t1,16619,16645,26,1.3,27.0,sprint+lava-contact,16693,16719,passthrough,pt,0.0,26
207123,alpha.hypixel.net,at s4 t1,at ee4,16648,16697,50,2.5,47.8,sprint+bonzo,16721,16771,passthrough,pt,0.0,49
207123,alpha.hypixel.net,at ee4,at s4 t3,16727,16744,17,0.85,23.8,sprint,16801,16818,key,settled,0.0,17
207123,alpha.hypixel.net,at s4 t3,at s4 right lever,16760,16791,31,1.55,31.0,walk+lava-contact,16834,16865,passthrough,pt,0.0,31
207123,alpha.hypixel.net,at s4 right lever,at ee4,16827,16875,48,2.4,46.2,sprint+bonzox2,16902,16950,passthrough,pt,0.0,48
207123,alpha.hypixel.net,at ee4,in core,16876,16885,9,0.45,2.1,walk,16951,16960,passthrough,pt,0.0,9
207123,alpha.hypixel.net,in core,at ee4,16966,16968,2,0.1,3.1,sprint,17041,17043,passthrough,pt,0.0,2
207123,alpha.hypixel.net,at ee4,in core,17064,17068,4,0.2,3.1,sprint,17139,17143,key,settled,0.0,4
207123,alpha.hypixel.net,in core,at s1 t4,17074,17374,300,15.0,232.4,sprint+bonzox6+jerryx3+lava-contact,17149,17449,passthrough,pt,0.0,300
207123,alpha.hypixel.net,at s1 t4,at s1 left lever,18372,19329,958,47.9,414.1,walk+jerryx8+bonzox64+lava-contact,18450,19408,passthrough,pt,0.0,957
207123,alpha.hypixel.net,at s1 left lever,at s2 t3,20840,21300,523,26.15,364.6,sprint+leap+jerryx3+bonzox9+lava-contact,20923,21446,passthrough,pt,46.2,460
207123,alpha.hypixel.net,at s2 t3,at s2 t2,21301,21380,79,3.95,75.3,sprint+bonzox3+lava-contact,21447,21526,passthrough,pt,0.0,79
207123,alpha.hypixel.net,at s2 t2,at s2 t3,21382,21504,122,6.1,105.2,sprint+bonzox2+jerry+lava-contact,21528,21650,passthrough,pt,0.0,122
207123,alpha.hypixel.net,at s2 right lever,at s2 t3,21914,21973,59,2.95,61.5,sprint+lava-contact,22062,22121,passthrough,pt,0.0,59
207123,alpha.hypixel.net,at s2 t3,at s2 mid low,21974,21981,7,0.35,10.4,sprint,22122,22129,passthrough,pt,0.0,7
207123,alpha.hypixel.net,at s2 mid low,at s2 right lever,21985,22280,296,14.8,237.3,sprint+bonzox11+lava-contact,22133,22429,passthrough,pt,0.0,295
238cdb,stuck.hypixel.net,at ss,at s1 right path,380488,380495,7,0.35,5.9,sprint+bonzo,469144,469151,passthrough,pt,0.0,7
238cdb,stuck.hypixel.net,at s1 right path,at s1 right lever,380500,380506,6,0.3,5.7,sprint,469155,469161,passthrough,pt,0.0,6
238cdb,stuck.hypixel.net,at s1 right lever,at s1 left lever,380583,380595,12,0.6,11.0,sprint,469239,469251,passthrough,pt,0.0,12
238cdb,stuck.hypixel.net,at s1 left lever,at ee2,380610,380711,102,5.1,85.0,sprint+teleport(DUNGEONBREAKER)+lava-contact,469266,469368,passthrough,pt,3.0,101
238cdb,stuck.hypixel.net,at ee2,at s2 t2,380847,380866,19,0.95,17.6,sprint,469505,469524,passthrough,pt,0.0,19
238cdb,stuck.hypixel.net,at s2 t2,at s2 t3,380916,380948,32,1.6,24.9,sprint,469574,469606,key,settled,0.0,32
238cdb,stuck.hypixel.net,at s2 t3,in core,380949,381029,81,4.05,89.1,sprint+teleport(DUNGEONBREAKER)+lava-contact,469608,469689,passthrough,pt,3.0,80
238cdb,stuck.hypixel.net,in core,at ee4,381048,381054,6,0.3,3.1,sprint,469708,469714,passthrough,pt,0.0,6
238cdb,stuck.hypixel.net,at ee4,in core,381288,381291,2,0.1,2.2,sprint,469949,469951,passthrough,pt,0.0,3
238cdb,stuck.hypixel.net,in core,at ee4,381313,381387,74,3.7,4.0,walk,469974,470048,passthrough,pt,0.0,74
238cdb,stuck.hypixel.net,at ee4,in core,381438,381440,2,0.1,2.1,sprint,470099,470101,passthrough,pt,0.0,2
23d334,stuck.hypixel.net,at s1 t3,at s2 mid high,45264,45401,138,6.9,64.2,walk+leap+teleport(INFINITE_SPIRIT_LEAP)+bonzo+lava-contact,46201,46339,passthrough,pt,53.9,137
23d334,stuck.hypixel.net,at s2 mid high,at s2 t5,45403,45485,84,4.2,81.9,sprint+teleport(FISHING_ROD)x2+lava-contact,46342,46426,passthrough,pt,6.1,82
23d334,stuck.hypixel.net,at s2 t5,at s2 t3,45487,45528,41,2.05,22.3,walk,46428,46469,passthrough,pt,0.0,41
23d334,stuck.hypixel.net,at s2 t3,at s2 right lever,45554,45593,40,2.0,38.9,sprint+lava-contact,46495,46535,passthrough,pt,0.0,39
23d334,stuck.hypixel.net,at s2 right lever,at ee3,45599,45613,14,0.7,12.8,no-input+leap,46541,46555,depart,settled,36.1,14
23d334,stuck.hypixel.net,at ee3,at ee4,45617,45708,92,4.6,38.8,walk+leap+bonzo+lava-contact,46559,46651,passthrough,pt,58.1,91
23d334,stuck.hypixel.net,at ee4,at s4 t3,45753,45772,19,0.95,22.0,sprint,46697,46716,key,settled,0.0,19
23d334,stuck.hypixel.net,at s4 t3,at s4 right lever,45819,45844,26,1.3,29.3,sprint+lava-contact,46764,46790,passthrough,pt,0.0,25
23d334,stuck.hypixel.net,at s4 right lever,at s4 left lever,45850,45862,11,0.55,8.9,walk+bonzo,46796,46807,passthrough,pt,0.0,12
23d334,stuck.hypixel.net,at s4 left lever,in core,45866,45880,12,0.6,9.3,walk+leap,46813,46825,passthrough,pt,32.7,14
23d334,stuck.hypixel.net,in core,at ee4,46043,46046,3,0.15,4.5,sprint,46990,46993,key,settled,0.0,3
264bbb,stuck.hypixel.net,at ss,at s1 right lever,69030,69047,16,0.8,15.7,sprint+bonzo,71267,71283,passthrough,pt,0.0,17
264bbb,stuck.hypixel.net,at s1 right lever,at s1 left lever,69131,69140,9,0.45,8.8,walk,71368,71377,passthrough,pt,0.0,9
264bbb,stuck.hypixel.net,at s1 left lever,at ee2,69146,69367,224,11.2,143.4,walk+teleport(JERRY_STAFF)+bonzox2+lava-contact,71383,71607,passthrough,pt,3.1,221
264bbb,stuck.hypixel.net,at ee2,at s2 t2,69379,69397,19,0.95,17.6,sprint,71619,71638,passthrough,pt,0.0,18
264bbb,stuck.hypixel.net,at s2 t2,at s2 t3,69397,69397,26,1.3,24.9,sprint,71663,71689,passthrough,pt,0.0,0
264bbb,stuck.hypixel.net,at s2 t3,in core,69479,69563,85,4.25,89.1,sprint+teleport(DUNGEONBREAKER)+lava-contact,71792,71877,passthrough,pt,3.0,84
264bbb,stuck.hypixel.net,in core,at ee4,69582,69587,5,0.25,1.9,walk,71896,71901,passthrough,pt,0.0,5
264bbb,stuck.hypixel.net,at ee4,in core,69736,69740,4,0.2,1.8,sprint,72054,72058,passthrough,pt,0.0,4
264bbb,stuck.hypixel.net,in core,at ee4,69761,69849,91,4.55,2.8,walk,72079,72170,passthrough,pt,0.0,88
2b8212,stuck.hypixel.net,at ss,at ee2,13057,13523,493,24.65,178.9,walk+teleport(STARRED_BONZO_STAFF)+leapx2+bonzox4+lava-contact,13220,13713,passthrough,pt,142.5,466
2b8212,stuck.hypixel.net,at ee2,at s2 t5,13534,13559,25,1.25,26.1,sprint,13724,13749,passthrough,pt,0.0,25
2b8212,stuck.hypixel.net,at s2 t5,at s2 t3,13562,13845,284,14.2,49.3,walk,13752,14036,passthrough,pt,0.0,283
2b8212,stuck.hypixel.net,at ee4,at s4 t1,14271,14292,21,1.05,23.4,sprint+bonzo,14464,14485,passthrough,pt,0.0,21
2b8212,stuck.hypixel.net,at s4 t1,at s4 t4,14293,14318,25,1.25,19.7,walk+leap+lava-contact,14486,14511,passthrough,pt,28.7,25
2b8212,stuck.hypixel.net,at s4 t4,at s4 t3,14327,14348,21,1.05,16.6,sprint,14520,14541,passthrough,pt,0.0,21
3066a9,stuck.hypixel.net,at ss,at s1 right lever,118698,118711,14,0.7,14.9,sprint+bonzo,122211,122225,passthrough,pt,0.0,13
3066a9,stuck.hypixel.net,at s1 right lever,at s1 right path,118784,118929,149,7.45,118.4,sprint+bonzox3+lava-contact,122299,122448,passthrough,pt,0.0,145
3066a9,stuck.hypixel.net,at s1 right path,at s1 right lever,118940,118966,28,1.4,12.6,sprint+jerry,122459,122487,passthrough,pt,0.0,26
3066a9,stuck.hypixel.net,at s1 right lever,at s1 left lever,119000,119008,9,0.45,8.2,walk,122522,122531,passthrough,pt,0.0,8
3066a9,stuck.hypixel.net,at s1 left lever,at s1 right lever,119073,119128,56,2.8,44.6,walk+lava-contact,122598,122654,passthrough,pt,0.0,55
3066a9,stuck.hypixel.net,at s1 right lever,at s1 left lever,119164,119175,12,0.6,9.6,sprint,122691,122703,passthrough,pt,0.0,11
3066a9,stuck.hypixel.net,at s1 left lever,at s1 right lever,119178,119229,53,2.65,41.1,walk+lava-contact,122705,122758,passthrough,pt,0.0,51
3066a9,stuck.hypixel.net,at s1 right lever,at s1 left lever,119265,119275,10,0.5,7.8,sprint,122796,122806,passthrough,pt,0.0,10
3066a9,stuck.hypixel.net,at s1 left lever,at s1 right lever,119281,119423,144,7.2,97.8,sprint+lava-contact,122809,122953,passthrough,pt,0.0,142
3066a9,stuck.hypixel.net,at s1 right lever,at s1 left lever,119460,119470,9,0.45,8.8,sprint,122991,123000,passthrough,pt,0.0,10
3066a9,stuck.hypixel.net,at s1 left lever,at s1 t4,119576,119597,21,1.05,14.0,sprint,123108,123129,passthrough,pt,0.0,21
3066a9,stuck.hypixel.net,at s1 t4,at s1 t3,119601,119617,17,0.85,14.4,walk,123134,123151,passthrough,pt,0.0,16
3066a9,stuck.hypixel.net,at s1 t3,at s1 left lever,119634,119755,123,6.15,86.1,walk+teleport(STARRED_BONZO_STAFF)+bonzo+lava-contact,123168,123291,key,settled,3.0,121
3066a9,stuck.hypixel.net,at s1 left lever,at s1 t2,119760,119868,108,5.4,90.2,sprint+bonzox4+jerryx3+lava-contact,123296,123404,passthrough,pt,0.0,108
3066a9,stuck.hypixel.net,at s1 t2,at s1 t1,119932,119960,29,1.45,11.3,walk,123469,123498,passthrough,pt,0.0,28
3066a9,stuck.hypixel.net,at s1 t1,at s1 t2,119963,120012,50,2.5,38.5,walk+bonzox2+lava-contact,123501,123551,passthrough,pt,0.0,49
3066a9,stuck.hypixel.net,at s1 t2,at s1 t1,120044,120075,31,1.55,9.0,walk,123584,123615,passthrough,pt,0.0,31
3066a9,stuck.hypixel.net,at s1 t1,at s1 t3,120091,120112,21,1.05,25.8,sprint,123631,123652,passthrough,pt,0.0,21
3066a9,stuck.hypixel.net,at s1 t3,at s2 high path,120128,120353,227,11.35,211.0,sprint+teleport(STARRED_BONZO_STAFF)+teleport(JERRY_STAFF)+bonzox3+lava-contact,123668,123895,passthrough,pt,6.1,225
3066a9,stuck.hypixel.net,at s2 high path,at s2 right lever,120372,120383,11,0.55,10.1,sprint,123915,123926,passthrough,pt,0.0,11
3066a9,stuck.hypixel.net,at s2 right lever,at s2 t3,120513,120557,46,2.3,33.7,sprint,124116,124162,passthrough,pt,0.0,44
3066a9,stuck.hypixel.net,at s2 t3,at s2 right lever,120578,120619,41,2.05,39.3,sprint+lava-contact,124183,124224,passthrough,pt,0.0,41
3066a9,stuck.hypixel.net,at s2 right lever,at s2 t5,120644,120659,16,0.8,11.6,sprint,124250,124266,passthrough,pt,0.0,15
3066a9,stuck.hypixel.net,at s2 t5,at s2 t3,120664,120694,32,1.6,20.0,walk,124270,124302,passthrough,pt,0.0,30
3066a9,stuck.hypixel.net,at s2 t3,in core,120696,121092,403,20.15,179.7,walk+teleport(DUNGEONBREAKER)x4+lava-contact,124304,124707,passthrough,pt,12.2,396
3066a9,stuck.hypixel.net,in core,at s2 t3,121112,121758,657,32.85,427.5,walk+teleport(DUNGEONBREAKER)x9+teleport(SUPERBOOM_TNT)+lava-contact,124726,125383,passthrough,pt,30.4,646
3066a9,stuck.hypixel.net,at s2 t3,in core,121839,121985,149,7.45,120.8,walk+teleport(DUNGEONBREAKER)x3+lava-contact,125466,125615,passthrough,pt,9.1,146
3066a9,stuck.hypixel.net,in core,at ee4,121997,122001,4,0.2,1.9,walk,125627,125631,passthrough,pt,0.0,4
3066a9,stuck.hypixel.net,at ee4,in core,122008,122011,3,0.15,3.4,walk,125638,125641,key,settled,0.0,3
3066a9,stuck.hypixel.net,in core,at ee4,122044,122045,1,0.05,1.7,sprint,125674,125675,passthrough,pt,0.0,1
3066a9,stuck.hypixel.net,at ee4,in core,122062,122063,1,0.05,1.8,sprint,125693,125694,passthrough,pt,0.0,1
3066a9,stuck.hypixel.net,in core,at s2 t3,122068,122195,128,6.4,116.6,sprint+lava-contact,125698,125826,passthrough,pt,0.0,127
3066a9,stuck.hypixel.net,at s2 t3,in core,122219,122292,68,3.4,76.9,sprint+teleport(DUNGEONBREAKER)+lava-contact,125856,125924,passthrough,pt,3.1,73
3066a9,stuck.hypixel.net,in core,at ee4,122308,122313,5,0.25,2.0,walk,125941,125946,passthrough,pt,0.0,5
3066a9,stuck.hypixel.net,at ee4,in core,122325,122327,2,0.1,2.6,walk,125957,125959,passthrough,pt,0.0,2
3066a9,stuck.hypixel.net,at s2 t3,in core,122691,122807,117,5.85,85.9,walk+teleport(DUNGEONBREAKER)+lava-contact,126327,126444,passthrough,pt,3.0,116
3066a9,stuck.hypixel.net,in core,at ee4,122820,122825,5,0.25,2.0,walk,126457,126462,passthrough,pt,0.0,5
3066a9,stuck.hypixel.net,at ee4,in core,122840,122842,2,0.1,2.2,sprint,126477,126479,passthrough,pt,0.0,2
3066a9,stuck.hypixel.net,in core,at s2 t3,122848,122920,73,3.65,78.8,sprint,126485,126558,passthrough,pt,0.0,72
3066a9,stuck.hypixel.net,at s2 t3,in core,123742,123890,149,7.45,88.7,walk+teleport(DUNGEONBREAKER),127452,127601,passthrough,pt,3.0,148
3066a9,stuck.hypixel.net,in core,at ee4,123898,123899,2,0.1,2.2,sprint,127608,127610,passthrough,pt,0.0,1
3066a9,stuck.hypixel.net,at ee4,in core,123922,123924,1,0.05,1.7,sprint,127633,127634,passthrough,pt,0.0,2
3066a9,stuck.hypixel.net,in core,at s2 t3,123928,124001,73,3.65,82.0,sprint,127639,127712,passthrough,pt,0.0,73
3066a9,stuck.hypixel.net,at s2 t3,at s4 t3,125104,127820,2777,138.85,1258.3,walk+teleport(DUNGEONBREAKER)x3+teleport(STARRED_BONZO_STAFF)x2+teleport(JERRY_STAFF)x3+bonzox7+jerryx84+lava-bounce,128887,131664,passthrough,pt,24.6,2716
3066a9,stuck.hypixel.net,at ee4,in core,129955,129959,3,0.15,1.9,sprint,133852,133855,passthrough,pt,0.0,4
3066a9,stuck.hypixel.net,in core,at s2 t3,129964,130061,99,4.95,82.9,sprint,133860,133959,passthrough,pt,0.0,97
3066a9,stuck.hypixel.net,at s2 t3,in core,130353,130456,105,5.25,89.1,walk+teleport(DUNGEONBREAKER)+lava-contact,134255,134360,passthrough,pt,3.1,103
3066a9,stuck.hypixel.net,in core,at ee4,130465,130466,1,0.05,0.9,sprint,134370,134371,passthrough,pt,0.0,1
3066a9,stuck.hypixel.net,at ee4,in core,130480,130480,1,0.05,1.7,sprint,134384,134385,passthrough,pt,0.0,0
3066a9,stuck.hypixel.net,in core,at s2 mid low,130486,130537,53,2.65,68.6,sprint,134391,134444,passthrough,pt,0.0,51
3066a9,stuck.hypixel.net,at s2 mid low,at s2 t3,130538,130553,15,0.75,14.1,sprint,134445,134460,passthrough,pt,0.0,15
3066a9,stuck.hypixel.net,at s2 t3,in core,131897,132033,139,6.95,87.0,walk+teleport(DUNGEONBREAKER)+lava-contact,135830,135969,passthrough,pt,3.0,136
3066a9,stuck.hypixel.net,in core,at s2 t3,132050,132249,204,10.2,97.3,walk,135986,136190,passthrough,pt,0.0,199
3066a9,stuck.hypixel.net,at s2 t3,in core,132679,132782,105,5.25,79.4,walk+lava-contact,136632,136737,passthrough,pt,0.0,103
3066a9,stuck.hypixel.net,in core,at s2 t3,132805,132867,59,2.95,79.4,sprint,136769,136828,passthrough,pt,0.0,62
3066a9,stuck.hypixel.net,at ee4,in core,139657,139659,3,0.15,2.4,sprint,143650,143653,passthrough,pt,0.0,2
3066a9,stuck.hypixel.net,in core,at s2 t3,139666,139794,129,6.45,124.1,walk+lava-contact,143659,143788,passthrough,pt,0.0,128
3066a9,stuck.hypixel.net,in core,at s2 t3,141518,141571,53,2.65,77.6,sprint,145521,145574,passthrough,pt,0.0,53
3066a9,stuck.hypixel.net,at s2 t3,in core,142083,142186,103,5.15,81.1,walk+lava-contact,146090,146193,passthrough,pt,0.0,103
3066a9,stuck.hypixel.net,in core,at s2 mid low,142211,142270,60,3.0,70.5,sprint,146218,146278,passthrough,pt,0.0,59
3066a9,stuck.hypixel.net,at s2 mid low,at s2 t3,142272,142406,135,6.75,88.8,walk+lava-contact,146280,146415,passthrough,pt,0.0,134
3066a9,stuck.hypixel.net,at s2 t3,in core,143112,143263,152,7.6,104.2,walk+lava-contact,147125,147277,passthrough,pt,0.0,151
3066a9,stuck.hypixel.net,in core,at ee4,143272,143274,2,0.1,2.3,walk,147286,147288,passthrough,pt,0.0,2
3066a9,stuck.hypixel.net,at ee4,in core,143357,143366,9,0.45,3.2,walk,147372,147381,passthrough,pt,0.0,9
3066a9,stuck.hypixel.net,in core,at s2 t3,143371,143460,90,4.5,106.2,sprint+lava-contact,147386,147476,passthrough,pt,0.0,89
3066a9,stuck.hypixel.net,at s2 t3,in core,143522,143633,112,5.6,78.3,walk+teleport(DUNGEONBREAKER)+lava-contact,147538,147650,passthrough,pt,3.0,111
3066a9,stuck.hypixel.net,in core,at ee4,143643,143645,2,0.1,2.7,sprint,147660,147662,passthrough,pt,0.0,2
3066a9,stuck.hypixel.net,at ee4,in core,143662,143665,3,0.15,2.0,sprint,147679,147682,passthrough,pt,0.0,3
3066a9,stuck.hypixel.net,in core,at s2 t3,143670,143744,75,3.75,81.1,sprint,147687,147762,passthrough,pt,0.0,74
3066a9,stuck.hypixel.net,at s2 t3,in core,143803,143929,127,6.35,83.2,walk+teleport(DUNGEONBREAKER)x2+lava-contact,147821,147948,passthrough,pt,6.1,126
3066a9,stuck.hypixel.net,in core,at s2 t3,143953,144016,63,3.15,80.5,sprint,147972,148035,passthrough,pt,0.0,63
3066a9,stuck.hypixel.net,at s2 t3,in core,145281,145467,188,9.4,80.6,walk+teleport(DUNGEONBREAKER)+lava-contact,149307,149495,passthrough,pt,3.0,186
3066a9,stuck.hypixel.net,in core,at ee4,145478,145483,5,0.25,2.0,walk,149507,149512,passthrough,pt,0.0,5
3066a9,stuck.hypixel.net,at ee4,in core,145493,145496,2,0.1,2.6,walk,149522,149524,passthrough,pt,0.0,3
3066a9,stuck.hypixel.net,in core,at ee4,145532,145533,1,0.05,1.7,sprint,149561,149562,passthrough,pt,0.0,1
3066a9,stuck.hypixel.net,at ee4,in core,145550,145571,21,1.05,9.9,walk,149579,149600,passthrough,pt,0.0,21
3066a9,stuck.hypixel.net,in core,at ee4,145713,145717,4,0.2,5.3,sprint,149744,149748,passthrough,pt,0.0,4
3066a9,stuck.hypixel.net,at ee4,in core,145770,145770,1,0.05,1.7,sprint,149801,149802,passthrough,pt,0.0,0
3066a9,stuck.hypixel.net,in core,at ee4,145931,145933,2,0.1,2.8,sprint,149964,149966,passthrough,pt,0.0,2
3066a9,stuck.hypixel.net,at ee4,in core,145954,145956,2,0.1,2.8,walk,149986,149988,passthrough,pt,0.0,2
3066a9,stuck.hypixel.net,in core,at s2 t3,145964,146022,59,2.95,76.1,sprint,149996,150055,passthrough,pt,0.0,58
3066a9,stuck.hypixel.net,at s2 t3,in core,146457,146560,103,5.15,79.8,walk+lava-contact,150492,150595,passthrough,pt,0.0,103
3066a9,stuck.hypixel.net,in core,at ee4,146569,146571,2,0.1,2.6,sprint,150604,150606,passthrough,pt,0.0,2
3066a9,stuck.hypixel.net,at ee4,in core,146697,146722,25,1.25,5.6,walk,150733,150758,passthrough,pt,0.0,25
3066a9,stuck.hypixel.net,in core,at s2 t3,146728,146844,117,5.85,120.2,sprint+lava-contact,150764,150881,passthrough,pt,0.0,116
3066a9,stuck.hypixel.net,at s2 t3,at s2 right lever,147011,147054,43,2.15,45.7,walk+lava-contact,151050,151093,passthrough,pt,0.0,43
3066a9,stuck.hypixel.net,at s2 right lever,at s2 t5,147084,147097,13,0.65,9.7,sprint,151123,151136,passthrough,pt,0.0,13
3066a9,stuck.hypixel.net,at s2 t5,at s2 t3,147102,147190,89,4.45,71.5,sprint+jerry+lava-contact,151141,151230,passthrough,pt,0.0,88
3066a9,stuck.hypixel.net,at s2 t3,in core,148524,148647,123,6.15,84.4,walk+lava-contact,152571,152694,passthrough,pt,0.0,123
3066a9,stuck.hypixel.net,in core,at ee4,148654,148656,2,0.1,2.6,sprint,152701,152703,passthrough,pt,0.0,2
3066a9,stuck.hypixel.net,at ee4,in core,148727,148745,18,0.9,5.4,walk,152775,152793,passthrough,pt,0.0,18
3066a9,stuck.hypixel.net,in core,at s2 t3,148750,148804,54,2.7,80.6,sprint+bonzo+lava-contact,152798,152852,passthrough,pt,0.0,54
3066a9,stuck.hypixel.net,at s2 t3,at s2 t5,148806,148984,179,8.95,100.3,walk+lava-contact,152854,153033,passthrough,pt,0.0,178
3066a9,stuck.hypixel.net,at s2 t5,at s2 right lever,148986,149082,97,4.85,71.0,walk+lava-contact,153034,153131,passthrough,pt,0.0,96
3066a9,stuck.hypixel.net,at s2 right lever,at s2 t5,149256,149270,14,0.7,10.8,sprint,153305,153319,passthrough,pt,0.0,14
3066a9,stuck.hypixel.net,at s2 t5,at s2 t4,149272,149361,89,4.45,43.2,walk,153321,153410,passthrough,pt,0.0,89
3066a9,stuck.hypixel.net,at s2 t4,at s2 left lever,149377,149408,32,1.6,37.9,sprint+teleport(DUNGEONBREAKER)+lava-contact,153426,153458,key,settled,3.0,31
3066a9,stuck.hypixel.net,at s2 left lever,at s2 right lever,149764,149785,21,1.05,18.0,sprint+bonzo,153815,153836,passthrough,pt,0.0,21
3066a9,stuck.hypixel.net,at s2 right lever,at s2 t3,149788,149857,69,3.45,57.8,walk+bonzox2,153839,153908,passthrough,pt,0.0,69
3066a9,stuck.hypixel.net,at s2 t3,at ee4,152318,153011,696,34.8,379.4,walk+teleport(DUNGEONBREAKER)+teleport(STARRED_BONZO_STAFF)x2+bonzox5+jerryx11+lava-contact,156379,157075,depart,settled,9.2,693
3066a9,stuck.hypixel.net,at ee4,in core,153014,153016,2,0.1,1.4,sprint,157078,157080,passthrough,pt,0.0,2
3066a9,stuck.hypixel.net,in core,at s2 t3,153023,153198,175,8.75,143.0,sprint+lava-contact,157087,157262,passthrough,pt,0.0,175
3066a9,stuck.hypixel.net,at s2 t3,in core,153643,153735,92,4.6,80.7,walk+lava-contact,157709,157801,passthrough,pt,0.0,92
3066a9,stuck.hypixel.net,in core,at ee4,153741,153742,1,0.05,1.7,sprint,157807,157808,passthrough,pt,0.0,1
3066a9,stuck.hypixel.net,at ee4,in core,157455,157459,4,0.2,2.7,sprint,161533,161537,passthrough,pt,0.0,4
3066a9,stuck.hypixel.net,in core,at s2 mid low,157464,157529,65,3.25,70.5,sprint,161542,161607,passthrough,pt,0.0,65
3066a9,stuck.hypixel.net,at s2 mid low,at s2 t3,157532,157549,17,0.85,13.9,sprint,161610,161627,passthrough,pt,0.0,17
3066a9,stuck.hypixel.net,at s2 t3,in core,157614,158019,406,20.3,176.1,walk+teleport(DUNGEONBREAKER)x2+lava-contact,161692,162098,passthrough,pt,6.1,405
3066a9,stuck.hypixel.net,in core,at ee4,158031,158034,3,0.15,2.8,walk,162110,162113,passthrough,pt,0.0,3
3066a9,stuck.hypixel.net,at ee4,in core,158057,158066,9,0.45,3.7,walk,162136,162145,passthrough,pt,0.0,9
3d6f29,stuck.hypixel.net,at s1 t3,at ee2,76960,77021,62,3.1,27.2,walk+leap+lava-contact,78402,78464,passthrough,pt,56.2,61
3d6f29,stuck.hypixel.net,at ee2,at s2 t5,77028,77108,81,4.05,63.5,walk+lava-contact,78471,78552,passthrough,pt,0.0,80
3d6f29,stuck.hypixel.net,at s2 t5,at ee4,77116,77288,172,8.6,19.9,walk+leap,78560,78732,passthrough,pt,73.8,172
3d6f29,stuck.hypixel.net,at ee3,at s4 t1,77345,77540,195,9.75,157.7,walk+leap+bonzox6+lava-contact,78789,78984,passthrough,pt,61.5,195
3d6f29,stuck.hypixel.net,at s4 t1,at s4 t2,77557,77566,9,0.45,9.3,sprint,79001,79010,passthrough,pt,0.0,9
3d6f29,stuck.hypixel.net,at s4 t2,at s4 t3,77582,77678,95,4.75,78.6,sprint+leap+bonzo+lava-contact,79027,79122,depart,settled,44.8,96
3e7a14,stuck.hypixel.net,at ss,at s1 right path,32863,32874,10,0.5,8.0,sprint+bonzo,33925,33935,passthrough,pt,0.0,11
3e7a14,stuck.hypixel.net,at s1 right path,at s1 right lever,32874,32879,5,0.25,6.2,sprint,33936,33941,passthrough,pt,0.0,5
3e7a14,stuck.hypixel.net,at s1 right lever,at s1 left lever,32943,32952,10,0.5,9.5,walk,34005,34015,passthrough,pt,0.0,9
3e7a14,stuck.hypixel.net,at s1 left lever,at ee2,32954,33057,107,5.35,87.3,sprint+teleport(DUNGEONBREAKER)+lava-contact,34016,34123,passthrough,pt,3.0,103
3e7a14,stuck.hypixel.net,at ee2,at s2 left lever,33144,33161,18,0.9,15.5,sprint+leap,34212,34230,passthrough,pt,37.7,17
3e7a14,stuck.hypixel.net,at s2 left lever,at s2 t3,33165,33215,51,2.55,47.4,sprint+bonzo,34234,34285,passthrough,pt,0.0,50
3e7a14,stuck.hypixel.net,at s2 t3,at s2 t2,33217,33257,40,2.0,33.7,sprint+lava-contact,34287,34327,passthrough,pt,0.0,40
3e7a14,stuck.hypixel.net,at s2 t2,at s2 t1,33292,33308,17,0.85,14.3,walk,34363,34380,passthrough,pt,0.0,16
3e7a14,stuck.hypixel.net,at s2 t1,in core,33346,33475,130,6.5,129.3,sprint+teleport(STARRED_BONZO_STAFF)+teleport(DUNGEONBREAKER)+bonzo+lava-contact,34419,34549,passthrough,pt,6.1,129
3e7a14,stuck.hypixel.net,in core,at ee4,33487,33493,6,0.3,2.0,walk,34561,34567,passthrough,pt,0.0,6
3e7a14,stuck.hypixel.net,at ee4,in core,33573,33575,2,0.1,1.7,walk,34649,34651,passthrough,pt,0.0,2
3e7a14,stuck.hypixel.net,in core,at ee4,33602,33751,151,7.55,26.9,walk+bonzo,34679,34830,passthrough,pt,0.0,149
3e7a14,stuck.hypixel.net,at ee4,in core,33753,33755,2,0.1,2.2,sprint,34832,34834,passthrough,pt,0.0,2
3ee9c0,stuck.hypixel.net,at ss,at s1 t3,54835,55221,414,20.7,215.6,walk+teleport(STARRED_BONZO_STAFF)+teleport(DUNGEONBREAKER)+leap+bonzox3+lava-contact,55916,56330,passthrough,pt,72.6,386
3ee9c0,stuck.hypixel.net,at s1 t3,at ee2,55223,55317,96,4.8,4.8,walk+leap,56332,56428,passthrough,pt,63.1,94
3ee9c0,stuck.hypixel.net,at ee2,at s2 t5,55326,55350,25,1.25,25.9,sprint,56436,56461,passthrough,pt,0.0,24
3ee9c0,stuck.hypixel.net,at s2 t5,at s2 right lever,55353,55497,145,7.25,72.6,walk+lava-contact,56464,56609,passthrough,pt,0.0,144
3ee9c0,stuck.hypixel.net,at ee3,at s3 t4,55523,55598,76,3.8,40.3,walk+leap+bonzo+lava-contact,56635,56711,passthrough,pt,25.9,75
3ee9c0,stuck.hypixel.net,at s3 t4,at s3 left lever,55607,55664,57,2.85,45.9,sprint+bonzox2+lava-contact,56720,56777,passthrough,pt,0.0,57
3ee9c0,stuck.hypixel.net,at s3 left lever,at s3 t1,55665,55677,12,0.6,14.0,walk+leap+lava-contact,56778,56790,passthrough,pt,58.3,12
3ee9c0,stuck.hypixel.net,at s3 t1,at ee4,55679,55726,46,2.3,30.5,walk+leap+lava-contact,56793,56839,passthrough,pt,78.5,47
3ee9c0,stuck.hypixel.net,at ee4,at s4 t3,55729,55748,20,1.0,22.6,sprint,56842,56862,passthrough,pt,0.0,19
3ee9c0,stuck.hypixel.net,at s4 t3,at s4 right lever,55808,55885,78,3.9,69.4,sprint+lava-contact,56922,57000,passthrough,pt,0.0,77
3ee9c0,stuck.hypixel.net,at s4 right lever,at s4 left lever,55892,55904,12,0.6,8.8,walk+bonzo,57007,57019,passthrough,pt,0.0,12
3ee9c0,stuck.hypixel.net,at s4 left lever,in core,55909,55917,8,0.4,4.6,walk+leap,57024,57032,passthrough,pt,34.8,8
3ee9c0,stuck.hypixel.net,in core,at ee4,56066,56066,1,0.05,1.5,sprint,57182,57183,passthrough,pt,0.0,0
4007fd,stuck.hypixel.net,at ss,at s1 right path,21360,21374,13,0.65,6.7,sprint+bonzo,21979,21992,passthrough,pt,0.0,14
4007fd,stuck.hypixel.net,at s1 right path,at s1 right lever,21377,21382,5,0.25,6.1,walk,21995,22000,passthrough,pt,0.0,5
4007fd,stuck.hypixel.net,at s1 right lever,at s1 left lever,21463,21480,8,0.4,8.3,sprint,22154,22162,passthrough,pt,0.0,17
4007fd,stuck.hypixel.net,at s1 left lever,at ee2,21496,21597,102,5.1,83.6,sprint+teleport(DUNGEONBREAKER)+lava-contact,22178,22280,passthrough,pt,3.0,101
4007fd,stuck.hypixel.net,at ee2,at s2 t2,21669,21730,62,3.1,54.9,sprint+lava-contact,22353,22415,passthrough,pt,0.0,61
4007fd,stuck.hypixel.net,at s2 t2,in core,21871,21928,58,2.9,66.1,sprint,22557,22615,passthrough,pt,0.0,57
4007fd,stuck.hypixel.net,in core,at ee4,21939,21941,2,0.1,1.1,walk,22626,22628,passthrough,pt,0.0,2
4007fd,stuck.hypixel.net,at ee4,in core,22064,22210,150,7.5,136.7,sprint+teleport(STARRED_BONZO_STAFF)+jerry+bonzo+lava-contact,22753,22903,key,settled,3.0,146
4007fd,stuck.hypixel.net,in core,at ee4,22270,22282,11,0.55,3.5,sprint,22962,22973,passthrough,pt,0.0,12
4007fd,stuck.hypixel.net,at ee4,in core,22368,22370,2,0.1,2.2,sprint,23060,23062,passthrough,pt,0.0,2
4007fd,stuck.hypixel.net,in core,at ee4,22390,22392,2,0.1,2.2,sprint,23082,23084,passthrough,pt,0.0,2
408abb,stuck.hypixel.net,at s1 t1,at s2 mid low,15091,15160,72,3.6,40.9,walk+leap+bonzo,15419,15491,passthrough,pt,79.5,69
408abb,stuck.hypixel.net,at s2 mid low,at s2 t5,15161,15238,182,9.1,83.4,sprint+teleport(DUNGEONBREAKER)x2+lava-contact,15492,15674,passthrough,pt,6.1,77
408abb,stuck.hypixel.net,at s2 t5,at s2 right lever,15265,15366,108,5.4,59.6,walk+lava-contact,15687,15795,passthrough,pt,0.0,101
408abb,stuck.hypixel.net,at s3 t4,at ee4,15623,15732,91,4.55,81.6,walk+leap+bonzo+lava-contact,16073,16164,passthrough,pt,67.6,109
408abb,stuck.hypixel.net,at ee4,at s4 t3,15790,15805,19,0.95,23.6,sprint,16235,16254,passthrough,pt,0.0,15
408abb,stuck.hypixel.net,at s4 t3,at s4 right lever,15939,16013,73,3.65,50.5,walk+teleport(STARRED_BONZO_STAFF)x2+bonzox2+lava-contact,16373,16446,passthrough,pt,6.1,74
408abb,stuck.hypixel.net,at s4 right lever,in core,16020,16060,41,2.05,32.1,walk+leap+bonzo+lava-contact,16453,16494,passthrough,pt,32.1,40
4d4157,stuck.hypixel.net,at s1 t1,at ee2,37942,37972,30,1.5,8.0,walk+leap,38716,38746,key,settled,80.5,30
4d4157,stuck.hypixel.net,at ee2,at s2 t5,37980,38006,26,1.3,27.1,sprint,38754,38780,passthrough,pt,0.0,26
4d4157,stuck.hypixel.net,at s2 t5,at s2 t3,38008,38096,88,4.4,30.4,walk,38782,38870,passthrough,pt,0.0,88
4d4157,stuck.hypixel.net,at s2 t3,at ee3,38159,38211,52,2.6,18.5,walk+leap,38933,38985,passthrough,pt,35.9,52
4d4157,stuck.hypixel.net,at s4 t3,in core,38791,38820,29,1.45,28.5,walk+leap+lava-contact,39599,39628,passthrough,pt,34.0,29
512af9,alpha.hypixel.net,at ee4,in core,310449,310457,8,0.4,2.6,walk,398197,398205,passthrough,pt,0.0,8
6ac481,stuck.hypixel.net,at ss,at ee2,19802,19868,68,3.4,45.6,walk+leap+lava-contact,20132,20200,passthrough,pt,58.3,66
6ac481,stuck.hypixel.net,at ee2,at s2 t5,19872,19898,27,1.35,27.2,sprint+bonzo,20204,20231,passthrough,pt,0.0,26
6ac481,stuck.hypixel.net,at s2 t5,at s2 t3,19901,19929,28,1.4,21.5,walk,20235,20263,passthrough,pt,0.0,28
6ac481,stuck.hypixel.net,at s2 t3,at s4 t4,20035,20283,265,13.25,141.7,walk+teleport(DUNGEONBREAKER)+leapx2+bonzo+lava-contact,20511,20776,passthrough,pt,132.1,248
6ac481,stuck.hypixel.net,at s4 t4,at s4 t3,20296,20367,72,3.6,62.7,sprint+lava-contact,20782,20854,passthrough,pt,0.0,71
6c45a1,stuck.hypixel.net,at ss,at s1 t4,411660,411689,30,1.5,18.4,sprint,500830,500860,passthrough,pt,0.0,29
6c45a1,stuck.hypixel.net,at s1 t4,at s1 t3,411698,411764,67,3.35,17.6,walk,500869,500936,passthrough,pt,0.0,66
6c45a1,stuck.hypixel.net,at s1 t3,at ee2,411821,411915,95,4.75,47.3,walk+leap+lava-contact,500992,501087,passthrough,pt,70.1,94
6c45a1,stuck.hypixel.net,at ee2,at s2 high path,411926,411951,25,1.25,25.3,sprint+bonzo,501098,501123,key,settled,0.0,25
6c45a1,stuck.hypixel.net,at s2 high path,at s2 left lever,411955,411963,8,0.4,6.9,sprint,501127,501135,passthrough,pt,0.0,8
6c45a1,stuck.hypixel.net,at s2 left lever,at ee3,411969,412056,88,4.4,62.7,sprint,501141,501229,passthrough,pt,0.0,87
6c45a1,stuck.hypixel.net,at ee3,at s3 t1,412215,412221,5,0.25,4.0,walk,501389,501394,passthrough,pt,0.0,6
6c45a1,stuck.hypixel.net,at s3 t1,at s3 left lever,412228,412279,51,2.55,39.4,no-input+leap+lava-contact,501402,501453,passthrough,pt,61.1,51
6c45a1,stuck.hypixel.net,at s3 left lever,at ee4,412283,412325,42,2.1,33.7,sprint+leap+bonzo+lava-contact,501457,501499,passthrough,pt,50.5,42
6c45a1,stuck.hypixel.net,at ee4,at s4 t1,412333,412352,20,1.0,25.1,sprint,501507,501527,key,settled,0.0,19
6c45a1,stuck.hypixel.net,at s4 t1,at s4 t3,412354,412390,36,1.8,25.5,no-input+leap+lava-contact,501529,501565,passthrough,pt,26.3,36
6c45a1,stuck.hypixel.net,at s4 t3,in core,412399,412466,66,3.3,62.0,sprint+leap+lava-contact,501575,501641,passthrough,pt,36.1,67
6e38dd,stuck.hypixel.net,at ee2,at ss,390059,391144,1100,55.0,896.9,sprint+leapx2+bonzox2+jerryx4+lava-contact,478870,479970,passthrough,pt,200.9,1085
6e38dd,stuck.hypixel.net,at ss,at s1 right path,391157,391164,8,0.4,7.0,sprint+bonzo,479983,479991,passthrough,pt,0.0,7
6e38dd,stuck.hypixel.net,at s1 right path,at s1 right lever,391166,391171,5,0.25,6.0,walk,479993,479998,passthrough,pt,0.0,5
6e38dd,stuck.hypixel.net,at s1 right lever,at s1 left lever,391255,391265,9,0.45,8.8,walk,480084,480093,passthrough,pt,0.0,10
6e38dd,stuck.hypixel.net,at s1 left lever,at ee2,391266,391382,114,5.7,83.4,sprint+teleport(FISHING_ROD)+lava-contact,480097,480211,passthrough,pt,3.0,116
6e38dd,stuck.hypixel.net,at ee2,at s2 t2,391489,391542,53,2.65,50.8,sprint+lava-contact,480320,480373,passthrough,pt,0.0,53
6e38dd,stuck.hypixel.net,at s2 t2,at s2 t3,391575,391601,26,1.3,23.4,sprint,480408,480434,key,settled,0.0,26
6e38dd,stuck.hypixel.net,at s2 t3,in core,391752,391833,83,4.15,90.4,sprint+lava-contact,480588,480671,key,settled,0.0,81
6e38dd,stuck.hypixel.net,in core,at ee4,391845,391849,5,0.25,2.2,sprint,480682,480687,passthrough,pt,0.0,4
6e38dd,stuck.hypixel.net,at ee4,in core,391965,391966,1,0.05,1.7,sprint,480805,480806,passthrough,pt,0.0,1
6e38dd,stuck.hypixel.net,in core,at ee4,391998,392171,179,8.95,2.5,walk,480838,481017,passthrough,pt,0.0,173
6e38dd,stuck.hypixel.net,at ee4,in core,392196,392199,3,0.15,3.0,sprint,481038,481041,passthrough,pt,0.0,3
7130bd,alpha.hypixel.net,at s4 t2,at s4 t4,2094,2185,91,4.55,75.0,walk+jerry+lava-contact,2104,2195,key,settled,0.0,91
7130bd,alpha.hypixel.net,at s4 t4,at s4 t3,2373,2422,50,2.5,14.6,walk,2383,2433,passthrough,pt,0.0,49
7130bd,alpha.hypixel.net,at s4 t3,at s4 right lever,2587,2615,28,1.4,32.9,walk+lava-contact,2599,2627,passthrough,pt,0.0,28
7130bd,alpha.hypixel.net,at s4 right lever,at ee3,2652,3703,1052,52.6,708.0,walk+jerryx2+bonzox3+lava-contact,2664,3716,passthrough,pt,0.0,1051
7130bd,alpha.hypixel.net,at ee3,at s2 left lever,3755,4882,1128,56.4,572.6,walk+bonzox7+jerryx9+lava-contact,3768,4896,passthrough,pt,0.0,1127
7130bd,alpha.hypixel.net,at s2 left lever,at s2 right lever,5246,5257,10,0.5,9.5,walk,5261,5271,key,settled,0.0,11
7130bd,alpha.hypixel.net,at s2 right lever,at s2 left lever,5393,5478,85,4.25,62.3,sprint+jerryx4+lava-contact,5408,5493,passthrough,pt,0.0,85
7130bd,alpha.hypixel.net,at s2 left lever,at s2 high path,5490,5498,9,0.45,7.0,sprint,5505,5514,passthrough,pt,0.0,8
7130bd,alpha.hypixel.net,at s2 high path,at ee2,5503,5587,84,4.2,43.4,sprint+jerryx2+bonzo,5518,5602,passthrough,pt,0.0,84
7130bd,alpha.hypixel.net,at ee2,at s1 left lever,5705,5963,286,14.3,190.0,sprint+bonzox4+lava-contact,5720,6006,passthrough,pt,0.0,258
7130bd,alpha.hypixel.net,at s1 left lever,at ss,6009,6056,48,2.4,31.1,walk,6051,6099,passthrough,pt,0.0,47
7130bd,alpha.hypixel.net,at ss,at s1 t1,6975,6998,23,1.15,28.1,sprint,7019,7042,key,settled,0.0,23
7130bd,alpha.hypixel.net,at s1 t1,at ss,7000,7042,42,2.1,26.8,sprint+jerryx4,7044,7086,passthrough,pt,0.0,42
7130bd,alpha.hypixel.net,at ss,at s1 t2,7097,7105,7,0.35,12.0,sprint,7142,7149,passthrough,pt,0.0,8
7130bd,alpha.hypixel.net,at s1 t2,at s1 t1,7107,7115,8,0.4,6.7,no-input,7151,7159,passthrough,pt,0.0,8
7130bd,alpha.hypixel.net,at s1 t1,at ss,7183,7327,144,7.2,88.0,walk+leap+jerryx4+lava-contact,7228,7372,passthrough,pt,8.9,144
7130bd,alpha.hypixel.net,at ss,at s1 t2,7337,7344,7,0.35,11.9,sprint,7382,7389,passthrough,pt,0.0,7
7130bd,alpha.hypixel.net,at s1 t2,at s1 t1,7346,7354,8,0.4,6.3,no-input,7391,7399,passthrough,pt,0.0,8
7130bd,alpha.hypixel.net,at ss,at s1 t2,7476,7484,7,0.35,12.1,sprint,7522,7529,passthrough,pt,0.0,8
7130bd,alpha.hypixel.net,at s1 t2,at s1 t1,7485,7494,9,0.45,7.9,walk,7530,7539,passthrough,pt,0.0,9
7130bd,alpha.hypixel.net,at ss,at s1 t2,7537,7544,7,0.35,11.9,sprint,7582,7589,passthrough,pt,0.0,7
7130bd,alpha.hypixel.net,at s1 t2,at s1 t1,7546,7554,8,0.4,6.6,walk,7591,7599,passthrough,pt,0.0,8
7130bd,alpha.hypixel.net,at ss,at s1 t3,7635,7651,17,0.85,17.0,sprint,7680,7697,depart,settled,0.0,16
7130bd,alpha.hypixel.net,at ss,at s1 t1,7690,7706,17,0.85,21.3,sprint,7735,7752,passthrough,pt,0.0,16
7130bd,alpha.hypixel.net,at ss,at s1 t3,7837,7853,17,0.85,16.9,sprint,7882,7899,passthrough,pt,0.0,16
7130bd,alpha.hypixel.net,at ss,at s1 t3,8095,8113,18,0.9,18.2,sprint,8142,8160,aim,settled,0.0,18
7130bd,alpha.hypixel.net,at ss,at s1 t4,8179,8195,17,0.85,17.3,sprint,8225,8242,passthrough,pt,0.0,16
7130bd,alpha.hypixel.net,at ss,at s1 t4,8381,8394,14,0.7,15.3,sprint,8428,8442,passthrough,pt,0.0,13
7130bd,alpha.hypixel.net,at ss,at s1 t4,8458,8474,15,0.75,17.2,sprint,8506,8521,passthrough,pt,0.0,16
7130bd,alpha.hypixel.net,at ss,at s1 t4,8532,8546,14,0.7,15.4,sprint,8580,8594,passthrough,pt,0.0,14
7130bd,alpha.hypixel.net,at ss,at s1 t4,8645,8661,15,0.75,15.4,sprint,8693,8708,passthrough,pt,0.0,16
7130bd,alpha.hypixel.net,at ss,at s1 t4,8685,8700,15,0.75,17.1,sprint,8732,8747,passthrough,pt,0.0,15
7130bd,alpha.hypixel.net,at ss,at s1 t4,8845,8859,15,0.75,15.4,sprint,8892,8907,passthrough,pt,0.0,14
7130bd,alpha.hypixel.net,at ss,at s1 right path,8915,8923,7,0.35,7.9,sprint,8963,8970,key,settled,0.0,8
7130bd,alpha.hypixel.net,at ss,at s1 right path,8965,8973,8,0.4,7.7,sprint,9013,9021,passthrough,pt,0.0,8
7130bd,alpha.hypixel.net,at s1 right path,at ss,8975,8984,9,0.45,4.2,walk+leap,9023,9032,passthrough,pt,11.7,9
7130bd,alpha.hypixel.net,at ss,at s1 right path,8993,9000,7,0.35,7.2,sprint,9041,9048,passthrough,pt,0.0,7
7130bd,alpha.hypixel.net,at ss,at s1 right path,9034,9041,7,0.35,9.2,sprint+bonzo,9082,9089,key,settled,0.0,7
7130bd,alpha.hypixel.net,at s1 right path,at s1 right lever,9043,9047,4,0.2,5.2,sprint,9091,9095,passthrough,pt,0.0,4
7130bd,alpha.hypixel.net,at ss,at s1 right path,9084,9093,9,0.45,9.4,sprint+bonzo,9132,9141,key,settled,0.0,9
7130bd,alpha.hypixel.net,at s1 right path,at s1 right lever,9094,9099,5,0.25,6.8,sprint,9142,9147,passthrough,pt,0.0,5
7130bd,alpha.hypixel.net,at ss,at s1 right path,9168,9173,5,0.25,6.9,sprint+bonzo,9216,9221,passthrough,pt,0.0,5
7130bd,alpha.hypixel.net,at s1 right path,at s1 right lever,9176,9181,5,0.25,6.5,sprint,9224,9229,passthrough,pt,0.0,5
7130bd,alpha.hypixel.net,at ss,at s1 right path,9248,9254,6,0.3,7.8,sprint+bonzo,9296,9302,passthrough,pt,0.0,6
7130bd,alpha.hypixel.net,at s1 right path,at s1 right lever,9256,9260,4,0.2,5.2,sprint,9304,9308,passthrough,pt,0.0,4
7130bd,alpha.hypixel.net,at ss,at s1 right path,9320,9325,5,0.25,6.9,sprint+bonzo,9368,9373,passthrough,pt,0.0,5
7130bd,alpha.hypixel.net,at s1 right path,at s1 right lever,9328,9333,5,0.25,6.5,sprint,9376,9381,passthrough,pt,0.0,5
7130bd,alpha.hypixel.net,at s1 right lever,at ss,9337,9366,78,3.9,20.4,walk+leap+lava-contact,9399,9477,passthrough,pt,23.0,29
7130bd,alpha.hypixel.net,at ss,at s1 right lever,9408,9421,13,0.65,15.9,sprint+bonzo,9508,9521,passthrough,pt,0.0,13
7130bd,alpha.hypixel.net,at s1 right lever,at s1 left lever,9433,9441,8,0.4,8.6,sprint,9533,9541,passthrough,pt,0.0,8
7130bd,alpha.hypixel.net,at s1 left lever,at ss,9447,9566,120,6.0,78.8,sprint+leap+lava-contact,9547,9667,passthrough,pt,63.2,119
7130bd,alpha.hypixel.net,at ss,at s1 right path,9593,9600,7,0.35,7.9,sprint+bonzo,9695,9702,key,settled,0.0,7
7130bd,alpha.hypixel.net,at s1 right path,at ss,9693,9700,8,0.4,6.0,sprint,9795,9803,passthrough,pt,0.0,7
7130bd,alpha.hypixel.net,at ss,at s1 right path,9740,9744,4,0.2,5.2,sprint+bonzo,9842,9846,passthrough,pt,0.0,4
7130bd,alpha.hypixel.net,at s1 right path,at s1 left lever,9745,9756,11,0.55,12.1,sprint,9848,9859,passthrough,pt,0.0,11
7130bd,alpha.hypixel.net,at s1 left lever,at ss,9759,9768,9,0.45,6.1,walk+leap,9861,9870,passthrough,pt,25.4,9
7130bd,alpha.hypixel.net,at ss,at s1 right path,9782,9793,10,0.5,8.2,sprint,9887,9897,key,settled,0.0,11
7130bd,alpha.hypixel.net,at s1 right path,at s1 left lever,9794,9806,12,0.6,12.0,walk,9898,9910,passthrough,pt,0.0,12
7130bd,alpha.hypixel.net,at s1 left lever,at ss,9809,9821,12,0.6,0.4,leap,9912,9924,passthrough,pt,22.0,12
7130bd,alpha.hypixel.net,at ss,at s1 right path,9839,9845,5,0.25,6.8,sprint,9943,9948,passthrough,pt,0.0,6
7130bd,alpha.hypixel.net,at s1 right path,at s1 left lever,9845,9856,11,0.55,12.0,sprint,9949,9960,passthrough,pt,0.0,11
7130bd,alpha.hypixel.net,at s1 left lever,at ss,9860,9869,9,0.45,5.8,walk+leap,9963,9972,passthrough,pt,25.6,9
7130bd,alpha.hypixel.net,at ss,at s1 right path,9884,9891,7,0.35,7.2,sprint+bonzo,9988,9995,passthrough,pt,0.0,7
7130bd,alpha.hypixel.net,at s1 right path,at s1 left lever,9892,9902,10,0.5,11.9,sprint,9996,10006,passthrough,pt,0.0,10
7130bd,alpha.hypixel.net,at s1 left lever,at ss,9905,9913,7,0.35,4.1,walk+leap,10009,10016,passthrough,pt,25.0,8
7130bd,alpha.hypixel.net,at ss,at s1 right path,9922,9927,5,0.25,6.8,sprint,10026,10031,passthrough,pt,0.0,5
7130bd,alpha.hypixel.net,at s1 right path,at ss,9931,9948,17,0.85,14.9,sprint+leap,10035,10052,passthrough,pt,25.1,17
7130bd,alpha.hypixel.net,at ss,at s1 left lever,9995,10016,21,1.05,21.3,sprint+bonzo,10099,10120,passthrough,pt,0.0,21
7130bd,alpha.hypixel.net,at s1 left lever,at ss,10449,10475,26,1.3,20.2,walk+leap,10556,10582,key,settled,16.8,26
7130bd,alpha.hypixel.net,at ss,at s1 right path,10487,10492,5,0.25,6.9,sprint,10594,10599,passthrough,pt,0.0,5
7130bd,alpha.hypixel.net,at s1 right path,at s1 left lever,10494,10506,12,0.6,12.4,sprint,10601,10613,passthrough,pt,0.0,12
7130bd,alpha.hypixel.net,at s1 left lever,at ss,10507,10515,8,0.4,4.6,walk+leap,10614,10622,passthrough,pt,25.7,8
7130bd,alpha.hypixel.net,at ss,at s1 left lever,10527,10545,19,0.95,20.5,sprint+bonzo,10634,10653,key,settled,0.0,18
7130bd,alpha.hypixel.net,at s1 left lever,at ss,10550,10573,22,1.1,5.6,walk+leap,10658,10680,passthrough,pt,23.5,23
7130bd,alpha.hypixel.net,at ss,at s1 right path,10581,10587,5,0.25,6.8,sprint,10689,10694,passthrough,pt,0.0,6
7130bd,alpha.hypixel.net,at s1 right path,at s1 left lever,10589,10601,11,0.55,11.3,sprint,10697,10708,passthrough,pt,0.0,12
7130bd,alpha.hypixel.net,at s1 left lever,at ss,10602,10607,5,0.25,2.5,leap,10709,10714,passthrough,pt,24.0,5
7130bd,alpha.hypixel.net,at ss,at s1 right path,10625,10630,5,0.25,6.8,sprint,10732,10737,passthrough,pt,0.0,5
7130bd,alpha.hypixel.net,at s1 right path,at s1 left lever,10630,10642,12,0.6,12.5,sprint,10738,10750,passthrough,pt,0.0,12
7130bd,alpha.hypixel.net,at s1 left lever,at ss,10648,10665,18,0.9,7.9,walk+leap,10755,10773,passthrough,pt,21.4,17
7130bd,alpha.hypixel.net,at ss,at s1 right path,10677,10682,5,0.25,6.8,sprint,10785,10790,passthrough,pt,0.0,5
7130bd,alpha.hypixel.net,at s1 right path,at s1 left lever,10683,10693,10,0.5,11.1,sprint,10791,10801,passthrough,pt,0.0,10
7130bd,alpha.hypixel.net,at s1 left lever,at s1 right path,10697,10729,32,1.6,13.3,walk+bonzo,10805,10837,passthrough,pt,0.0,32
7130bd,alpha.hypixel.net,at s1 right path,at ss,10733,10743,10,0.5,7.9,sprint,10841,10851,passthrough,pt,0.0,10
7130bd,alpha.hypixel.net,at ss,at s1 t2,10778,10801,23,1.15,14.7,sprint,10886,10909,key,settled,0.0,23
7130bd,alpha.hypixel.net,at s1 t2,at s1 t1,10930,10940,10,0.5,6.8,walk,11038,11048,depart,settled,0.0,10
7130bd,alpha.hypixel.net,at s1 t1,at s1 t2,10944,10945,1,0.05,0.0,leap,11053,11054,aim,settled,9.0,1
7130bd,alpha.hypixel.net,at s1 t2,at s1 t1,10951,10965,14,0.7,10.0,sprint,11060,11074,key,settled,0.0,14
7130bd,alpha.hypixel.net,at s1 t2,at s1 t1,10987,10995,9,0.45,6.2,walk,11095,11104,passthrough,pt,0.0,8
7130bd,alpha.hypixel.net,at s1 t2,at s1 t3,11045,11065,20,1.0,23.5,sprint,11154,11174,depart,settled,0.0,20
7130bd,alpha.hypixel.net,at s1 t2,at ss,11241,11259,18,0.9,13.9,sprint,11350,11368,passthrough,pt,0.0,18
7130bd,alpha.hypixel.net,at ss,at s1 t4,11260,11276,15,0.75,16.1,sprint,11370,11385,passthrough,pt,0.0,16
7130bd,alpha.hypixel.net,at s1 t2,at s1 t4,11722,11755,34,1.7,30.8,sprint+bonzo,11831,11865,passthrough,pt,0.0,33
7130bd,alpha.hypixel.net,at s1 t2,at s1 t4,11781,11814,33,1.65,31.5,sprint+bonzo,11890,11923,passthrough,pt,0.0,33
7130bd,alpha.hypixel.net,at s1 t4,at s1 t2,11815,11825,10,0.5,5.3,walk+leap,11925,11935,passthrough,pt,29.1,10
7130bd,alpha.hypixel.net,at s1 t2,at s1 t4,11834,11870,35,1.75,30.6,sprint,11944,11979,passthrough,pt,0.0,36
7130bd,alpha.hypixel.net,at s1 t2,at s1 t4,11894,11928,34,1.7,29.7,sprint,12004,12038,passthrough,pt,0.0,34
7130bd,alpha.hypixel.net,at s1 t4,at s1 t2,11951,11953,1,0.05,0.0,leap,12061,12062,aim,settled,28.8,2
7130bd,alpha.hypixel.net,at s1 t2,at ss,11991,12006,15,0.75,12.7,sprint,12101,12116,passthrough,pt,0.0,15
7130bd,alpha.hypixel.net,at ss,at s1 t4,12007,12027,20,1.0,17.6,sprint,12117,12137,passthrough,pt,0.0,20
7130bd,alpha.hypixel.net,at s1 t2,at s1 t4,12086,12121,35,1.75,29.1,sprint,12196,12231,passthrough,pt,0.0,35
7130bd,alpha.hypixel.net,at s1 t2,at s1 t3,12171,12191,20,1.0,23.8,sprint,12281,12301,passthrough,pt,0.0,20
7130bd,alpha.hypixel.net,at s1 t2,at s1 t3,12210,12236,26,1.3,24.0,sprint,12320,12346,passthrough,pt,0.0,26
7130bd,alpha.hypixel.net,at s1 t3,at s1 t2,12239,12247,8,0.4,1.4,leap,12349,12357,passthrough,pt,23.6,8
7130bd,alpha.hypixel.net,at s1 t2,at s1 t3,12352,12378,26,1.3,23.4,sprint,12462,12488,passthrough,pt,0.0,26
7130bd,alpha.hypixel.net,at s1 t2,at s1 t3,12506,12546,40,2.0,25.7,sprint,12616,12656,depart,settled,0.0,40
7130bd,alpha.hypixel.net,at s1 t2,at s1 t3,12624,12653,29,1.45,23.6,sprint,12735,12764,passthrough,pt,0.0,29
7130bd,alpha.hypixel.net,at s1 t2,at s1 t3,12669,12696,28,1.4,24.3,sprint,12779,12807,passthrough,pt,0.0,27
7130bd,alpha.hypixel.net,at s1 t3,at s1 t2,12711,12717,5,0.25,2.7,leap,12822,12827,passthrough,pt,18.4,6
7130bd,alpha.hypixel.net,at s1 t2,at s1 t3,12847,12878,32,1.6,27.1,sprint,12958,12990,passthrough,pt,0.0,31
7130bd,alpha.hypixel.net,at s1 t2,at s1 right path,12899,12924,25,1.25,23.2,sprint+bonzo,13010,13035,passthrough,pt,0.0,25
7130bd,alpha.hypixel.net,at s1 t2,at s1 right path,12950,12973,23,1.15,23.4,sprint+bonzo,13062,13085,passthrough,pt,0.0,23
7130bd,alpha.hypixel.net,at s1 right path,at s1 t2,12975,12993,17,0.85,11.7,walk+leap,13087,13104,passthrough,pt,31.2,18
7130bd,alpha.hypixel.net,at s1 t2,at s1 right path,13049,13077,27,1.35,25.4,sprint+bonzo,13161,13188,passthrough,pt,0.0,28
7130bd,alpha.hypixel.net,at s1 right path,at s1 t2,13079,13101,22,1.1,13.9,walk+leap,13190,13212,passthrough,pt,31.6,22
7130bd,alpha.hypixel.net,at s1 t2,at s1 right path,13147,13180,32,1.6,26.1,sprint+bonzo,13259,13291,passthrough,pt,0.0,33
7130bd,alpha.hypixel.net,at s1 t2,at s1 right path,13350,13372,22,1.1,21.9,sprint+bonzo,13462,13484,passthrough,pt,0.0,22
7130bd,alpha.hypixel.net,at s1 right path,at s1 right lever,13374,13383,9,0.45,7.0,sprint,13486,13495,passthrough,pt,0.0,9
7130bd,alpha.hypixel.net,at s1 t2,at s1 left lever,13501,13545,44,2.2,37.4,sprint+bonzo+jerry,13613,13657,passthrough,pt,0.0,44
7130bd,alpha.hypixel.net,at s1 left lever,at s1 t2,13549,13557,8,0.4,0.5,leap,13661,13669,passthrough,pt,35.0,8
7130bd,alpha.hypixel.net,at s1 t2,at s1 left lever,13649,13694,45,2.25,35.3,sprint+bonzo+jerry,13762,13807,passthrough,pt,0.0,45
7130bd,alpha.hypixel.net,at s1 t2,at s1 t1,14450,14463,13,0.65,7.0,walk,14565,14578,passthrough,pt,0.0,13
7130bd,alpha.hypixel.net,at s1 t1,at s1 t3,14741,14762,21,1.05,25.0,sprint,14856,14877,passthrough,pt,0.0,21
7130bd,alpha.hypixel.net,at s1 t1,at s1 t2,14789,14808,18,0.9,14.0,walk+jerryx3,14905,14923,passthrough,pt,0.0,19
7130bd,alpha.hypixel.net,at s1 t1,at s1 t2,14842,14860,18,0.9,7.6,sprint+jerryx3,14958,14976,passthrough,pt,0.0,18
7130bd,alpha.hypixel.net,at s1 t1,at s1 t2,14943,14966,22,1.1,8.1,sprint+jerryx3,15059,15081,passthrough,pt,0.0,23
7130bd,alpha.hypixel.net,at s1 t1,at s1 t2,14994,15010,16,0.8,6.6,sprint+jerryx2,15110,15126,passthrough,pt,0.0,16
7130bd,alpha.hypixel.net,at s1 t1,at ss,15036,15076,40,2.0,24.0,sprint+jerryx4,15152,15192,passthrough,pt,0.0,40
7130bd,alpha.hypixel.net,at s1 t1,at s1 right lever,15106,15162,56,2.8,40.6,sprint+jerryx2+bonzo,15222,15278,passthrough,pt,0.0,56
7130bd,alpha.hypixel.net,at s1 t1,at s1 t3,15200,15222,22,1.1,27.0,sprint,15316,15338,passthrough,pt,0.0,22
7130bd,alpha.hypixel.net,at s1 t3,at s1 left lever,15223,15275,52,2.6,47.7,sprint+lava-contact,15339,15391,passthrough,pt,0.0,52
7130bd,alpha.hypixel.net,at s1 t1,at s1 t4,15482,15535,53,2.65,57.3,sprint+bonzo+lava-contact,15598,15651,passthrough,pt,0.0,53
72e2cd,stuck.hypixel.net,at ss,at s1 right lever,385814,385831,17,0.85,15.3,sprint+bonzo,474576,474593,passthrough,pt,0.0,17
72e2cd,stuck.hypixel.net,at s1 right lever,at s1 left lever,385910,385919,9,0.45,9.3,sprint,474673,474682,passthrough,pt,0.0,9
72e2cd,stuck.hypixel.net,at s1 left lever,at ee2,385924,386033,110,5.5,83.6,sprint+teleport(DUNGEONBREAKER)+lava-contact,474687,474797,passthrough,pt,3.0,109
72e2cd,stuck.hypixel.net,at ee2,at s2 t2,386132,386152,20,1.0,18.7,sprint,474896,474916,passthrough,pt,0.0,20
72e2cd,stuck.hypixel.net,at s2 t2,at s2 t3,386192,386221,28,1.4,23.8,sprint,474957,474985,key,settled,0.0,29
72e2cd,stuck.hypixel.net,at s2 t3,in core,386259,386338,78,3.9,88.1,sprint+lava-contact,475024,475102,passthrough,pt,0.0,79
72e2cd,stuck.hypixel.net,in core,at ee4,386354,386359,5,0.25,2.0,walk,475118,475123,passthrough,pt,0.0,5
72e2cd,stuck.hypixel.net,at ee4,in core,386759,386760,1,0.05,1.1,sprint,475525,475526,passthrough,pt,0.0,1
759125,None,at s2 right lever,at ee2,1974,2085,111,5.55,93.8,sprint+teleport(STARRED_BONZO_STAFF)+jerry+lava-contact,1957,2068,passthrough,pt,3.1,111
759125,None,at ee2,at s2 right lever,2098,2205,107,5.35,75.6,sprint+bonzox5+jerryx3,2081,2188,passthrough,pt,0.0,107
759125,None,at s2 right lever,at s2 mid low,2209,2330,121,6.05,105.8,sprint+bonzox2+jerry+lava-contact,2192,2313,passthrough,pt,0.0,121
76cea2,stuck.hypixel.net,at ss,at s1 t4,406402,406425,23,1.15,16.4,sprint,495524,495547,passthrough,pt,0.0,23
76cea2,stuck.hypixel.net,at s1 t4,at s1 t3,406436,406519,84,4.2,18.0,walk,495558,495642,passthrough,pt,0.0,83
76cea2,stuck.hypixel.net,at s1 t3,at ee2,406574,406664,92,4.6,34.4,walk+leap+lava-contact,495697,495789,passthrough,pt,74.3,90
76cea2,stuck.hypixel.net,at ee2,at s2 high path,406674,406736,63,3.15,42.0,sprint+jerryx3,495800,495863,passthrough,pt,0.0,62
76cea2,stuck.hypixel.net,at s2 high path,at s2 left lever,406740,406749,8,0.4,7.6,sprint,495867,495875,passthrough,pt,0.0,9
76cea2,stuck.hypixel.net,at s2 left lever,at ee3,406754,406830,78,3.9,62.1,sprint,495881,495959,passthrough,pt,0.0,76
76cea2,stuck.hypixel.net,at ee3,at s3 t1,407087,407093,6,0.3,3.9,sprint,496217,496223,passthrough,pt,0.0,6
76cea2,stuck.hypixel.net,at ee4,at s4 t1,407155,407179,25,1.25,25.0,sprint,496285,496310,passthrough,pt,0.0,24
7ffa88,stuck.hypixel.net,at ss,at s1 right lever,369785,369799,15,0.75,14.8,sprint+bonzo,458195,458210,passthrough,pt,0.0,14
7ffa88,stuck.hypixel.net,at s1 right lever,at ee2,369880,370128,278,13.9,176.4,walk+teleport(DUNGEONBREAKER)+jerryx7+lava-bounce,458290,458568,passthrough,pt,3.0,248
7ffa88,stuck.hypixel.net,at ee2,at s2 t2,370171,370190,19,0.95,17.8,sprint,458612,458631,passthrough,pt,0.0,19
7ffa88,stuck.hypixel.net,at s2 t2,at s2 t3,370215,370246,31,1.55,24.2,sprint,458657,458688,key,settled,0.0,31
7ffa88,stuck.hypixel.net,at s2 t3,in core,370310,370395,87,4.35,88.2,sprint+teleport(DUNGEONBREAKER)+lava-contact,458752,458839,passthrough,pt,3.0,85
7ffa88,stuck.hypixel.net,in core,at ee4,370410,370416,6,0.3,2.0,walk,458854,458860,passthrough,pt,0.0,6
7ffa88,stuck.hypixel.net,at ee4,in core,370633,370638,5,0.25,2.1,sprint,459080,459085,passthrough,pt,0.0,5
7ffa88,stuck.hypixel.net,in core,at ee4,370827,370859,32,1.6,3.1,walk,459276,459308,passthrough,pt,0.0,32
7ffa88,stuck.hypixel.net,at ee4,in core,370883,370886,2,0.1,1.8,walk,459333,459335,passthrough,pt,0.0,3
92d73f,stuck.hypixel.net,at ss,at s1 right lever,42984,43002,17,0.85,16.0,sprint+bonzo,44345,44362,passthrough,pt,0.0,18
92d73f,stuck.hypixel.net,at s1 right lever,at s1 left lever,43077,43085,9,0.45,8.9,walk,44438,44447,passthrough,pt,0.0,8
92d73f,stuck.hypixel.net,at s1 left lever,at ee2,43090,43198,109,5.45,84.1,sprint+teleport(DUNGEONBREAKER)+lava-contact,44452,44561,passthrough,pt,3.0,108
92d73f,stuck.hypixel.net,at s3 t2,at s3 right lever,43605,43750,147,7.35,115.7,sprint+bonzox2+lava-contact,44972,45119,passthrough,pt,0.0,145
a000ad,stuck.hypixel.net,at ss,at s1 right path,13896,13902,6,0.3,6.4,sprint,14165,14171,passthrough,pt,0.0,6
a000ad,stuck.hypixel.net,at s1 right path,at s1 t4,13907,14205,300,15.0,116.8,walk+lava-contact,14175,14475,passthrough,pt,0.0,298
a000ad,stuck.hypixel.net,at s1 left lever,at s3 t3,19524,21037,1529,76.45,225.9,walk+lava-contact,19903,21432,passthrough,pt,0.0,1513
a4645f,stuck.hypixel.net,at ss,at ee2,60840,61321,485,24.25,205.2,walk+teleport(STARRED_BONZO_STAFF)+leapx2+bonzox3+lava-contact,62038,62523,passthrough,pt,127.8,481
a4645f,stuck.hypixel.net,at ee2,at s2 t3,61331,61463,133,6.65,105.3,walk+teleport(STARRED_BONZO_STAFF)+bonzox3+lava-contact,62533,62666,passthrough,pt,3.0,132
a4645f,stuck.hypixel.net,at s2 t3,at ee3,61516,61576,61,3.05,1.3,leapx2,62720,62781,passthrough,pt,101.4,60
a4645f,stuck.hypixel.net,at ee4,at s4 t3,61891,61910,19,0.95,22.1,sprint,63099,63118,passthrough,pt,0.0,19
a4645f,stuck.hypixel.net,at s4 t3,in core,61972,61996,24,1.2,28.2,sprint+leap,63180,63204,passthrough,pt,34.4,24
a72d42,stuck.hypixel.net,at s1 t3,at ee2,71866,71942,137,6.85,46.8,walk+leap+lava-contact,73164,73301,passthrough,pt,58.1,76
a72d42,stuck.hypixel.net,at ee2,at s2 t5,71950,72020,71,3.55,72.3,sprint+teleport(STARRED_BONZO_STAFF)+lava-contact,73309,73380,passthrough,pt,3.0,70
a72d42,stuck.hypixel.net,at s2 t5,at s2 t3,72026,72068,42,2.1,22.5,walk,73386,73428,passthrough,pt,0.0,42
a72d42,stuck.hypixel.net,at s2 t3,at s2 right lever,72119,72156,37,1.85,37.5,sprint+lava-contact,73479,73516,key,settled,0.0,37
a72d42,stuck.hypixel.net,at ee3,at ee4,72181,72374,194,9.7,101.0,walk+teleport(DUNGEONBREAKER)+leap+bonzo+lava-contact,73540,73734,key,settled,59.8,193
a72d42,stuck.hypixel.net,at ee4,at s4 t3,72377,72401,23,1.15,23.3,sprint,73737,73760,passthrough,pt,0.0,24
a72d42,stuck.hypixel.net,at s4 t3,in core,72549,72553,4,0.2,1.0,leap,73909,73913,passthrough,pt,24.6,4
a75187,stuck.hypixel.net,at ee2,at s2 t5,30658,30684,26,1.3,27.3,sprint,31361,31387,passthrough,pt,0.0,26
a75187,stuck.hypixel.net,at s2 t5,at s2 t3,30687,30731,45,2.25,21.6,walk,31390,31435,passthrough,pt,0.0,44
a75187,stuck.hypixel.net,at s2 t3,at ee3,30748,30804,56,2.8,52.8,walk+leap+lava-contact,31452,31508,aim,settled,40.5,56
a75187,stuck.hypixel.net,at ee3,at s3 t3,30807,30863,56,2.8,41.5,walk+bonzo+lava-contact,31511,31567,passthrough,pt,0.0,56
a75187,stuck.hypixel.net,at s3 t3,at ee4,30917,30989,73,3.65,26.1,walk+leap+bonzo,31621,31694,passthrough,pt,57.7,72
a75187,stuck.hypixel.net,at ee4,at s4 t3,31013,31031,18,0.9,21.1,sprint,31718,31736,passthrough,pt,0.0,18
a75187,stuck.hypixel.net,at ee4,at s4 t3,31066,31085,19,0.95,22.0,sprint,31772,31791,passthrough,pt,0.0,19
a75187,stuck.hypixel.net,at s4 t3,at s4 right lever,31132,31161,29,1.45,30.9,walk+lava-contact,31838,31867,passthrough,pt,0.0,29
a75187,stuck.hypixel.net,at s4 right lever,in core,31180,31182,1,0.05,0.0,leap,31886,31887,key,settled,36.7,2
a75187,stuck.hypixel.net,in core,at ee4,31788,31789,1,0.05,1.8,sprint,32496,32497,passthrough,pt,0.0,1
ad7da1,stuck.hypixel.net,at ss,at s1 t3,2607,2807,200,10.0,141.1,walk+lava-contact,2647,2847,passthrough,pt,0.0,200
ad7da1,stuck.hypixel.net,at s1 t3,at ee2,2862,2890,28,1.4,0.5,leap,2903,2931,passthrough,pt,60.9,28
ad7da1,stuck.hypixel.net,at ee2,at s2 high path,2898,2923,25,1.25,23.6,sprint+bonzo,2939,2964,passthrough,pt,0.0,25
ad7da1,stuck.hypixel.net,at s2 high path,at s2 left lever,2927,2932,6,0.3,6.7,sprint,2967,2973,passthrough,pt,0.0,5
ad7da1,stuck.hypixel.net,at s2 left lever,at ee3,2940,3032,92,4.6,60.8,sprint,2981,3073,passthrough,pt,0.0,92
ad7da1,stuck.hypixel.net,at ee3,at s3 t1,3088,3095,7,0.35,4.3,walk,3129,3136,passthrough,pt,0.0,7
ad7da1,stuck.hypixel.net,in core,at ee4,4134,4135,1,0.05,1.7,sprint,4211,4212,passthrough,pt,0.0,1
ae3d84,stuck.hypixel.net,at ss,at s1 t4,401619,401655,37,1.85,16.1,walk,490613,490650,passthrough,pt,0.0,36
ae3d84,stuck.hypixel.net,at s1 t4,at s1 t3,401666,401743,78,3.9,50.4,walk+lava-contact,490661,490739,passthrough,pt,0.0,77
ae3d84,stuck.hypixel.net,at s1 t3,at s1 t4,401779,401813,34,1.7,30.9,sprint+lava-contact,490776,490810,passthrough,pt,0.0,34
ae3d84,stuck.hypixel.net,at s1 t4,at ee2,401829,401864,36,1.8,9.5,no-input+leap,490826,490862,depart,settled,53.3,35
ae3d84,stuck.hypixel.net,at ee2,at s2 high path,401884,401908,24,1.2,22.9,sprint+bonzo,490882,490906,passthrough,pt,0.0,24
ae3d84,stuck.hypixel.net,at s2 high path,at s2 left lever,401912,401919,7,0.35,6.6,sprint,490910,490917,passthrough,pt,0.0,7
ae3d84,stuck.hypixel.net,at s2 left lever,at ee3,401926,402032,107,5.35,58.9,sprint,490924,491031,passthrough,pt,0.0,106
ae3d84,stuck.hypixel.net,at ee3,at s3 t1,402077,402081,4,0.2,4.1,sprint,491076,491080,passthrough,pt,0.0,4
ae3d84,stuck.hypixel.net,at s3 t1,at s3 right lever,402087,402169,83,4.15,65.9,walk+leap+lava-contact,491086,491169,passthrough,pt,46.4,82
ae3d84,stuck.hypixel.net,at ee4,at s4 t1,402189,402225,37,1.85,29.8,sprint,491188,491225,passthrough,pt,0.0,36
ae3d84,stuck.hypixel.net,at s4 t1,at s4 t3,402233,402276,44,2.2,0.1,leap,491232,491276,passthrough,pt,25.8,43
ae3d84,stuck.hypixel.net,at s4 t3,at s4 right lever,402285,402317,33,1.65,33.0,sprint+lava-contact,491285,491318,passthrough,pt,0.0,32
ae3d84,stuck.hypixel.net,at s4 right lever,at s4 left lever,402319,402332,12,0.6,9.6,walk+bonzo,491320,491332,passthrough,pt,0.0,13
ae3d84,stuck.hypixel.net,at s4 left lever,in core,402338,402348,10,0.5,7.6,walk+leap,491339,491349,passthrough,pt,33.9,10
afb98f,stuck.hypixel.net,at s1 t3,at ee2,66956,67002,46,2.3,37.5,walk+leap+lava-contact,68201,68247,passthrough,pt,60.0,46
afb98f,stuck.hypixel.net,at ee2,at s2 t5,67009,67034,25,1.25,26.0,sprint,68255,68280,passthrough,pt,0.0,25
afb98f,stuck.hypixel.net,at s2 t5,at s2 t3,67040,67097,57,2.85,21.9,walk,68286,68343,passthrough,pt,0.0,57
afb98f,stuck.hypixel.net,at s2 t3,at s2 right lever,67118,67167,49,2.45,42.0,sprint+lava-contact,68365,68414,passthrough,pt,0.0,49
afb98f,stuck.hypixel.net,at ee3,at s3 t3,67187,67231,45,2.25,41.3,sprint+bonzo+lava-contact,68434,68479,passthrough,pt,0.0,44
afb98f,stuck.hypixel.net,at s3 t3,at s3 t1,67302,67314,12,0.6,1.5,leap,68551,68563,passthrough,pt,26.3,12
afb98f,stuck.hypixel.net,at s3 t1,at ee3,67325,67331,6,0.3,5.6,sprint,68574,68580,passthrough,pt,0.0,6
afb98f,stuck.hypixel.net,at ee3,at ee4,67332,67366,34,1.7,27.2,sprint+leap+lava-contact,68581,68615,passthrough,pt,68.8,34
afb98f,stuck.hypixel.net,at ee4,at s4 t3,67414,67432,18,0.9,20.8,sprint,68664,68682,passthrough,pt,0.0,18
afb98f,stuck.hypixel.net,at s4 t3,at s4 right lever,67494,67522,29,1.45,32.1,walk+lava-contact,68744,68773,passthrough,pt,0.0,28
afb98f,stuck.hypixel.net,at s4 right lever,in core,67527,67531,4,0.2,0.7,leap,68779,68783,passthrough,pt,35.4,4
b0c4d0,stuck.hypixel.net,at ss,at s1 right lever,56452,56466,16,0.8,15.8,sprint+bonzo,58259,58275,passthrough,pt,0.0,14
b0c4d0,stuck.hypixel.net,at s1 right lever,at s1 left lever,56545,56555,10,0.5,9.1,walk,58354,58364,passthrough,pt,0.0,10
b0c4d0,stuck.hypixel.net,at s1 left lever,at ee2,56558,56706,149,7.45,127.1,sprint+teleport(STARRED_BONZO_STAFF)+lava-contact,58367,58516,passthrough,pt,3.0,148
b0c4d0,stuck.hypixel.net,at ee2,at s2 t2,56777,56798,21,1.05,18.1,sprint,58589,58610,passthrough,pt,0.0,21
b0c4d0,stuck.hypixel.net,at s2 t2,at s2 t3,56828,56859,31,1.55,22.9,sprint,58641,58672,key,settled,0.0,31
b0c4d0,stuck.hypixel.net,at s2 t3,in core,56912,56992,82,4.1,89.2,sprint+teleport(DUNGEONBREAKER)+lava-contact,58725,58807,passthrough,pt,3.0,80
b0c4d0,stuck.hypixel.net,in core,at ee4,57001,57004,3,0.15,1.9,sprint,58816,58819,passthrough,pt,0.0,3
b0c4d0,stuck.hypixel.net,at ee4,in core,57132,57133,1,0.05,1.7,sprint,58948,58949,passthrough,pt,0.0,1
b0c4d0,stuck.hypixel.net,in core,at ee4,57151,57272,123,6.15,3.0,walk,58967,59090,passthrough,pt,0.0,121
b0c4d0,stuck.hypixel.net,at ee4,in core,57318,57320,2,0.1,2.2,sprint,59136,59138,passthrough,pt,0.0,2
b2dc7c,stuck.hypixel.net,at ss,at s1 right path,375047,375055,8,0.4,6.4,sprint+bonzo,463592,463600,passthrough,pt,0.0,8
b2dc7c,stuck.hypixel.net,at s1 right path,at s1 right lever,375058,375065,6,0.3,5.8,sprint,463603,463609,passthrough,pt,0.0,7
b2dc7c,stuck.hypixel.net,at s1 right lever,at s1 left lever,375143,375151,8,0.4,8.2,no-input,463689,463697,passthrough,pt,0.0,8
b2dc7c,stuck.hypixel.net,at s1 left lever,at ee2,375156,375263,108,5.4,83.1,sprint+teleport(DUNGEONBREAKER)+lava-contact,463702,463810,passthrough,pt,3.0,107
b2dc7c,stuck.hypixel.net,at ee2,at s2 t2,375394,375414,20,1.0,17.1,sprint,463941,463961,passthrough,pt,0.0,20
b2dc7c,stuck.hypixel.net,at s2 t2,at s2 t3,375452,375506,58,2.9,54.2,sprint+leap,463999,464057,depart(use-click),settled,25.7,54
b2dc7c,stuck.hypixel.net,at s2 t3,in core,375509,375630,121,6.05,90.2,walk+teleport(DUNGEONBREAKER)+lava-contact,464059,464180,passthrough,pt,3.0,121
b2dc7c,stuck.hypixel.net,in core,at ee4,375646,375651,5,0.25,2.0,walk,464196,464201,passthrough,pt,0.0,5
b2dc7c,stuck.hypixel.net,at ee4,in core,375837,375838,1,0.05,1.1,sprint,464388,464389,passthrough,pt,0.0,1
b2dc7c,stuck.hypixel.net,in core,at ee4,375854,375943,90,4.5,3.0,walk,464405,464495,passthrough,pt,0.0,89
b2dc7c,stuck.hypixel.net,at ee4,in core,376002,376003,2,0.1,2.2,sprint,464554,464556,passthrough,pt,0.0,1
b3d41a,None,at s1 t4,at s2 high path,70149,70376,227,11.35,76.8,walk+etherwarp/AOTVx8+bonzo+jerry,71677,71904,passthrough,pt,89.9,227
b3d41a,None,at s2 high path,at s2 left lever,70394,70436,42,2.1,8.4,walk,71922,71964,key,settled,0.0,42
b3d41a,None,at ee2,at s2 high path,70782,70826,44,2.2,5.7,walk+etherwarp/AOTVx2,72310,72354,passthrough,pt,23.8,44
b3d41a,None,at s2 high path,at ee2,70850,70943,93,4.65,23.9,walk+etherwarp/AOTVx5,72378,72471,passthrough,pt,48.2,93
b3d41a,None,at ee2,at s2 high path,70949,71039,90,4.5,56.4,sprint+etherwarp/AOTVx7+bonzo,72477,72567,passthrough,pt,69.9,90
b3d41a,None,at s2 high path,at ee2,71048,71071,23,1.15,24.3,sprint+bonzo,72576,72599,passthrough,pt,0.0,23
b3d41a,None,at ee2,at s2 high path,71123,71150,27,1.35,21.3,sprint+etherwarp/AOTV+bonzo,72651,72678,passthrough,pt,4.9,27
b3d41a,None,at s2 high path,at s2 left lever,71152,71160,8,0.4,7.5,sprint+bonzo,72680,72688,passthrough,pt,0.0,8
b3d41a,None,at s2 left lever,at s2 high path,71166,71217,51,2.55,24.8,sprint+jerry+bonzo,72694,72745,passthrough,pt,0.0,51
b3d41a,None,at s2 high path,at ee2,71220,71247,27,1.35,23.9,sprint,72748,72775,passthrough,pt,0.0,27
b3d41a,None,at ee2,at s2 high path,71264,71388,124,6.2,46.3,walk+etherwarp/AOTVx3+bonzo,72792,72916,passthrough,pt,19.7,124
b3d41a,None,at s2 high path,at s2 left lever,71391,71400,9,0.45,7.0,sprint,72919,72928,passthrough,pt,0.0,9
b3d41a,None,at s2 left lever,at s2 high path,71450,71462,12,0.6,0.6,etherwarp/AOTV,72978,72990,depart(use-click),settled,8.2,12
b3d41a,None,at s2 high path,at s3 t2,71465,71606,141,7.05,57.8,sprint+etherwarp/AOTVx6+jerry+bonzo,72993,73134,passthrough,pt,82.0,141
b3d41a,None,at s3 t2,at s3 t3,71633,71635,2,0.1,0.1,etherwarp/AOTV,73161,73163,depart(use-click),settled,18.2,2
b3d41a,None,at s3 t3,at s3 t2,71682,71698,16,0.8,16.4,sprint,73210,73226,passthrough,pt,0.0,16
b3d41a,None,at s3 t2,at s3 t3,71718,71725,7,0.35,3.9,sprint+etherwarp/AOTV,73246,73253,passthrough,pt,12.6,7
b3d41a,None,at s3 t3,at s3 t2,72053,72069,16,0.8,16.7,sprint,73581,73597,key,settled,0.0,16
b3d41a,None,at s3 t2,at s3 t3,72077,72089,12,0.6,4.5,sprint+etherwarp/AOTV,73605,73617,passthrough,pt,12.0,12
b3d41a,None,at s3 t3,at s3 t4,72379,72440,61,3.05,32.6,sprint+etherwarp/AOTVx4+bonzo,73907,73968,key,settled,47.1,61
b3d41a,None,at s3 t4,at s3 left lever,72541,72576,35,1.75,36.0,sprint+lava-contact,74069,74104,passthrough,pt,0.0,35
b3d41a,None,at s3 left lever,at s3 right lever,72621,72628,7,0.35,6.2,walk,74149,74156,passthrough,pt,0.0,7
b3d41a,None,at s3 right lever,at s3 t2,72692,72773,81,4.05,13.5,walk+etherwarp/AOTVx4,74218,74299,passthrough,pt,56.2,81
b3d41a,None,at s3 t2,at s3 t4,72906,72929,23,1.15,16.6,sprint,74432,74455,key,settled,0.0,23
b3d41a,None,at s3 t4,at s3 left lever,72946,72991,45,2.25,38.7,sprint+lava-contact,74472,74517,passthrough,pt,0.0,45
b3d41a,None,at s3 left lever,at s3 right lever,73006,73018,12,0.6,8.7,walk,74532,74544,passthrough,pt,0.0,12
b3d41a,None,at s3 right lever,at s3 t3,73026,73094,68,3.4,53.5,sprint+etherwarp/AOTVx2+bonzo+lava-contact,74552,74620,passthrough,pt,25.0,68
b94715,alpha.hypixel.net,in core,at ee4,63411,63414,4,0.2,1.8,sprint,64912,64916,passthrough,pt,0.0,3
bafedd,stuck.hypixel.net,at ss,at s1 right lever,64087,64104,17,0.85,15.9,sprint+bonzo,66269,66286,passthrough,pt,0.0,17
bafedd,stuck.hypixel.net,at s1 right lever,at s1 left lever,64189,64198,10,0.5,9.5,walk,66371,66381,passthrough,pt,0.0,9
bafedd,stuck.hypixel.net,at s1 left lever,at ee2,64202,64306,105,5.25,83.9,sprint+teleport(DUNGEONBREAKER)+lava-contact,66385,66490,passthrough,pt,3.0,104
bafedd,stuck.hypixel.net,at ee2,at s2 t2,64430,64466,37,1.85,43.8,sprint+lava-contact,66617,66654,passthrough,pt,0.0,36
bafedd,stuck.hypixel.net,at s2 t2,in core,64531,64589,59,2.95,67.2,sprint,66720,66779,passthrough,pt,0.0,58
bafedd,stuck.hypixel.net,in core,at ee4,64609,64613,5,0.25,1.9,walk,66799,66804,passthrough,pt,0.0,4
bafedd,stuck.hypixel.net,at ee4,in core,64737,64740,3,0.15,2.5,walk,66930,66933,passthrough,pt,0.0,3
bafedd,stuck.hypixel.net,in core,at ee4,64764,64846,82,4.1,3.1,walk,66958,67040,passthrough,pt,0.0,82
bafedd,stuck.hypixel.net,at ee4,in core,64884,64886,2,0.1,2.2,sprint,67078,67080,passthrough,pt,0.0,2
c48518,stuck.hypixel.net,at s1 t1,at ee2,8136,8173,34,1.7,3.5,no-input+leap,8347,8381,passthrough,pt,82.4,37
c48518,stuck.hypixel.net,at ee2,at s2 t5,8186,8257,71,3.55,72.4,sprint+teleport(STARRED_BONZO_STAFF)+lava-contact,8395,8466,passthrough,pt,3.0,71
c48518,stuck.hypixel.net,at s2 t5,at s2 t3,8260,8560,305,15.25,55.8,walk,8469,8774,passthrough,pt,0.0,300
c48518,stuck.hypixel.net,at s2 t3,at s2 t5,8603,8633,30,1.5,29.6,walk+teleport(DUNGEONBREAKER)+lava-contact,8819,8849,passthrough,pt,3.0,30
c48518,stuck.hypixel.net,at s2 t5,at s3 left lever,8856,9164,313,15.65,204.5,sprint+bonzox4+lava-contact,9075,9388,depart,settled,0.0,308
c48518,stuck.hypixel.net,at s3 left lever,at ee4,9181,9191,10,0.5,1.7,leap,9405,9415,depart,settled,51.1,10
c48518,stuck.hypixel.net,at ee4,at s4 t3,9194,9212,19,0.95,22.0,sprint,9418,9437,passthrough,pt,0.0,18
c48518,stuck.hypixel.net,at s4 t3,at s4 right lever,9250,9277,27,1.35,30.9,sprint+lava-contact,9476,9503,passthrough,pt,0.0,27
c48518,stuck.hypixel.net,at s4 right lever,at s4 left lever,9282,9293,12,0.6,9.8,walk+bonzo,9507,9519,passthrough,pt,0.0,11
c48518,stuck.hypixel.net,at s4 left lever,in core,9298,9379,82,4.1,58.4,walk+leapx2+lava-contact,9524,9606,passthrough,pt,72.2,81
c82903,alpha.hypixel.net,at s1 t1,at s1 t3,335926,335949,24,1.2,28.3,sprint,423794,423818,passthrough,pt,0.0,23
ca9737,stuck.hypixel.net,at ss,at s1 right path,37813,37813,8,0.4,7.4,sprint+bonzo,39036,39044,passthrough,pt,0.0,0
ca9737,stuck.hypixel.net,at s1 right path,at s1 right lever,37816,37886,64,3.2,42.6,walk+lava-contact,39047,39111,passthrough,pt,0.0,70
ca9737,stuck.hypixel.net,at s1 right lever,at s1 left lever,37908,37918,10,0.5,9.9,sprint,39133,39143,passthrough,pt,0.0,10
ca9737,stuck.hypixel.net,at s1 left lever,at ee2,37923,38034,112,5.6,85.7,sprint+teleport(DUNGEONBREAKER)+lava-contact,39148,39260,passthrough,pt,3.0,111
ca9737,stuck.hypixel.net,at ee2,at s2 t2,38106,38164,59,2.95,53.5,sprint+lava-contact,39332,39391,passthrough,pt,0.0,58
ca9737,stuck.hypixel.net,at s2 t2,in core,38283,38331,59,2.95,67.5,sprint,39511,39570,passthrough,pt,0.0,48
ca9737,stuck.hypixel.net,in core,at ee4,38331,38331,6,0.3,2.0,walk,39585,39591,passthrough,pt,0.0,0
ca9737,stuck.hypixel.net,at ee4,in core,38595,38609,14,0.7,3.9,walk,39869,39883,passthrough,pt,0.0,14
ca9737,stuck.hypixel.net,in core,at ee4,38625,38832,209,10.45,4.1,walk,39899,40108,passthrough,pt,0.0,207
ca9737,stuck.hypixel.net,at ee4,in core,38892,38895,2,0.1,2.3,sprint,40169,40171,passthrough,pt,0.0,3
d119b4,stuck.hypixel.net,at ss,at s1 right path,27238,27247,10,0.5,8.6,sprint+bonzo,28130,28140,passthrough,pt,0.0,9
d119b4,stuck.hypixel.net,at s1 right path,at s1 right lever,27249,27255,6,0.3,6.9,walk,28141,28147,passthrough,pt,0.0,6
d119b4,stuck.hypixel.net,at s1 right lever,at s1 left lever,27326,27332,8,0.4,8.3,sprint,28219,28227,passthrough,pt,0.0,6
d119b4,stuck.hypixel.net,at s2 t2,in core,27953,28201,250,12.5,238.1,sprint+teleport(DUNGEONBREAKER)x2+teleport(STARRED_BONZO_STAFF)+bonzox3+lava-contact,28856,29106,passthrough,pt,9.2,248
d119b4,stuck.hypixel.net,in core,at ee4,28216,28222,6,0.3,2.0,walk,29121,29127,passthrough,pt,0.0,6
d119b4,stuck.hypixel.net,at ee4,in core,28328,28328,1,0.05,1.7,sprint,29235,29236,passthrough,pt,0.0,0
d119b4,stuck.hypixel.net,in core,at ee4,28431,28469,39,1.95,5.6,walk,29339,29378,passthrough,pt,0.0,38
d2011c,stuck.hypixel.net,at ss,at s1 right lever,92469,92485,16,0.8,15.2,sprint+bonzo,95384,95400,passthrough,pt,0.0,16
d2011c,stuck.hypixel.net,at s1 right lever,at s1 left lever,92565,92575,10,0.5,9.5,walk,95482,95492,passthrough,pt,0.0,10
d2011c,stuck.hypixel.net,at s1 left lever,at ee2,92581,92746,166,8.3,97.7,sprint+teleport(DUNGEONBREAKER)+jerryx4+lava-contact,95498,95664,passthrough,pt,3.0,165
d2011c,stuck.hypixel.net,at ee2,at s2 t2,92940,92992,53,2.65,51.4,sprint+lava-contact,95858,95911,passthrough,pt,0.0,52
d2011c,stuck.hypixel.net,at s2 t2,at s2 t3,93030,93058,28,1.4,26.2,sprint,95949,95977,key,settled,0.0,28
d2011c,stuck.hypixel.net,at s2 t3,in core,93110,93187,78,3.9,88.4,sprint+teleport(DUNGEONBREAKER)+lava-contact,96030,96108,passthrough,pt,3.0,77
d2011c,stuck.hypixel.net,in core,at ee4,93196,93199,4,0.2,2.6,sprint,96116,96120,passthrough,pt,0.0,3
d2011c,stuck.hypixel.net,at ee4,in core,93474,93490,16,0.8,5.2,walk,96399,96415,passthrough,pt,0.0,16
d2011c,stuck.hypixel.net,in core,at ee4,93628,93630,2,0.1,1.9,sprint,96554,96556,passthrough,pt,0.0,2
d2011c,stuck.hypixel.net,at ee4,in core,93634,93636,2,0.1,0.9,teleport(HYPERION),96560,96562,passthrough,pt,9.6,2
d2011c,stuck.hypixel.net,in core,at ee4,93646,93648,2,0.1,2.1,sprint,96572,96574,passthrough,pt,0.0,2
d2011c,stuck.hypixel.net,at ee4,in core,93692,93696,4,0.2,2.8,sprint,96619,96623,passthrough,pt,0.0,4
db7289,stuck.hypixel.net,at ss,at s1 right lever,105854,105870,16,0.8,15.2,sprint+bonzo,109008,109024,passthrough,pt,0.0,16
db7289,stuck.hypixel.net,at s1 right lever,at s1 left lever,105946,105956,10,0.5,9.5,walk,109102,109112,passthrough,pt,0.0,10
db7289,stuck.hypixel.net,at s1 left lever,at s2 t1,105959,106058,100,5.0,71.2,sprint+bonzo+lava-contact,109116,109216,passthrough,pt,0.0,99
db7289,stuck.hypixel.net,at s2 t1,at ee2,106121,106162,42,2.1,43.4,sprint+teleport(DUNGEONBREAKER)+lava-contact,109279,109321,passthrough,pt,3.1,41
db7289,stuck.hypixel.net,at ee2,at ss,106286,106353,68,3.4,55.4,sprint+lava-contact,109447,109515,passthrough,pt,0.0,67
db7289,stuck.hypixel.net,at ss,at s1 right path,106357,106365,8,0.4,6.6,sprint,109519,109527,passthrough,pt,0.0,8
db7289,stuck.hypixel.net,at s1 right path,at s2 t2,106370,106538,174,8.7,151.5,sprint+bonzox2+lava-contact,109532,109706,passthrough,pt,0.0,168
db7289,stuck.hypixel.net,at s2 t2,at s2 t3,106579,106610,29,1.45,18.1,walk,109745,109774,key,settled,0.0,31
db7289,stuck.hypixel.net,at s2 t3,at s2 right lever,106633,106670,37,1.85,39.7,sprint+lava-contact,109797,109834,passthrough,pt,0.0,37
db7289,stuck.hypixel.net,at s2 right lever,at s2 t5,106678,106696,18,0.9,11.6,sprint,109843,109861,passthrough,pt,0.0,18
db7289,stuck.hypixel.net,at s2 t5,in core,106697,106796,104,5.2,108.1,sprint+teleport(DUNGEONBREAKER)+lava-contact,109862,109966,passthrough,pt,3.0,99
db7289,stuck.hypixel.net,in core,at ee4,106807,106813,5,0.25,2.0,walk,109977,109982,passthrough,pt,0.0,6
db7289,stuck.hypixel.net,at ee4,in core,107202,107203,1,0.05,1.1,sprint,110374,110375,passthrough,pt,0.0,1
db7289,stuck.hypixel.net,in core,at ee4,107529,107531,2,0.1,2.2,sprint,110707,110709,passthrough,pt,0.0,2
db7289,stuck.hypixel.net,at ee4,in core,107534,107537,3,0.15,0.5,teleport(HYPERION),110712,110715,passthrough,pt,8.8,3
db7289,stuck.hypixel.net,in core,at ee4,107552,107553,2,0.1,2.1,sprint,110730,110732,passthrough,pt,0.0,1
db7289,stuck.hypixel.net,at ee4,in core,107553,107558,4,0.2,2.3,teleport(HYPERION),110735,110739,passthrough,pt,11.2,5
db7289,stuck.hypixel.net,in core,at ee4,107599,107601,2,0.1,2.1,sprint,110777,110779,passthrough,pt,0.0,2
db7289,stuck.hypixel.net,at ee4,in core,107613,107615,2,0.1,1.7,walk,110791,110793,passthrough,pt,0.0,2
db7289,stuck.hypixel.net,in core,at ee4,107657,107659,2,0.1,2.1,sprint,110835,110837,passthrough,pt,0.0,2
ed1c25,None,at s1 t4,at s1 left lever,65900,65931,31,1.55,12.4,walk+bonzo,67400,67431,passthrough,pt,0.0,31
ed1c25,None,at s1 left lever,at s1 t4,65960,66040,80,4.0,36.8,walk+jerry+bonzo,67460,67540,key,settled,0.0,80
ed1c25,None,at s1 t4,at s1 t3,66050,66096,46,2.3,16.3,walk,67550,67596,passthrough,pt,0.0,46
ed1c25,None,at s1 t3,at ee2,66179,66198,19,0.95,8.9,walk+leap+lava-contact,67679,67698,passthrough,pt,64.4,19
ed1c25,None,at ee2,at s2 mid low,66206,66261,55,2.75,56.5,sprint+lava-contact,67706,67761,passthrough,pt,0.0,55
ed1c25,None,at s2 mid low,at s2 t4,66263,66287,24,1.2,19.9,sprint,67763,67787,passthrough,pt,0.0,24
ed1c25,None,at s2 t4,at ee3,66326,66376,50,2.5,47.7,sprint+leap+bonzo+lava-contact,67826,67876,passthrough,pt,32.6,50
ed1c25,None,at ee3,at s3 t4,66382,66429,47,2.35,37.9,sprint+lava-contact,67882,67929,key,settled,0.0,47
ed1c25,None,at s3 t4,at s3 left lever,66469,66500,31,1.55,34.2,sprint+lava-contact,67969,68000,passthrough,pt,0.0,31
ed1c25,None,at s3 left lever,at ee4,66514,66531,17,0.85,9.3,sprint+leap,68014,68031,passthrough,pt,50.9,17
ed1c25,None,at ee4,at s4 t2,66609,66640,31,1.55,38.3,sprint+teleport(DUNGEONBREAKER)+lava-contact,68109,68140,passthrough,pt,3.0,31
ed1c25,None,at s4 t2,in core,66654,66679,25,1.25,28.7,no-input+leap+lava-contact,68154,68179,depart,settled,29.4,25
ed1c25,None,in core,at ee4,66692,66693,1,0.05,1.5,sprint,68192,68193,passthrough,pt,0.0,1
ed1c25,None,at ee4,in core,66741,66743,2,0.1,3.1,sprint,68241,68243,passthrough,pt,0.0,2
ed1c25,None,in core,at ee4,66757,66759,2,0.1,3.2,sprint,68257,68259,passthrough,pt,0.0,2
ed1c25,None,at ee4,in core,66961,66962,1,0.05,1.6,sprint,68461,68462,passthrough,pt,0.0,1
ed1c25,None,in core,at ee2,66968,67159,191,9.55,149.8,sprint+bonzox5+jerryx3+lava-contact,68468,68659,passthrough,pt,0.0,191
ed1c25,None,at ee2,at s2 high path,67493,67519,26,1.3,25.1,sprint+bonzox2,68993,69019,passthrough,pt,0.0,26
ed1c25,None,at s2 high path,at s2 left lever,67522,67531,9,0.45,7.6,sprint,69022,69031,passthrough,pt,0.0,9
ed1c25,None,at s2 left lever,at s2 high path,67631,67759,128,6.4,77.9,sprint+jerryx9+bonzox2,69131,69259,passthrough,pt,0.0,128
ed1c25,None,at s2 high path,at ee2,67764,67789,25,1.25,23.7,sprint,69264,69289,passthrough,pt,0.0,25
ed1c25,None,at ee2,at s2 mid high,68005,68171,166,8.3,71.7,walk+bonzox3+jerry,69505,69671,passthrough,pt,0.0,166
ed1c25,None,at s2 mid high,at s2 t3,68172,68782,610,30.5,560.0,sprint+teleport(STARRED_BONZO_STAFF)+bonzox25+jerryx2+lava-contact,69672,70282,passthrough,pt,3.1,610
edfebd,alpha.hypixel.net,at s1 t1,at s1 t3,20897,20917,21,1.05,26.2,sprint,21033,21054,passthrough,pt,0.0,20
edfebd,alpha.hypixel.net,at s1 t3,at s1 t1,20922,20934,11,0.55,0.5,leap,21059,21070,passthrough,pt,27.1,12
edfebd,alpha.hypixel.net,at s1 t1,at s1 t4,21006,21064,58,2.9,59.8,sprint+lava-contact,21142,21200,passthrough,pt,0.0,58
edfebd,alpha.hypixel.net,at s1 t1,at s1 t4,21128,21175,47,2.35,61.6,sprint+bonzo+lava-contact,21265,21312,passthrough,pt,0.0,47
edfebd,alpha.hypixel.net,at s1 t1,at s1 t4,21256,21313,57,2.85,59.2,sprint+lava-contact,21393,21450,passthrough,pt,0.0,57
edfebd,alpha.hypixel.net,at s1 t1,at s1 left lever,21750,21826,76,3.8,78.1,sprint+lava-contact,21888,21964,passthrough,pt,0.0,76
edfebd,alpha.hypixel.net,at s1 left lever,at s1 t1,21841,21847,6,0.3,2.6,leap,21979,21985,depart,settled,41.2,6
edfebd,alpha.hypixel.net,at s1 t1,at s1 right lever,21859,21920,61,3.05,46.8,sprint+jerryx4+bonzo,21997,22058,passthrough,pt,0.0,61
edfebd,alpha.hypixel.net,at s1 t1,at s1 t3,21958,22060,102,5.1,58.8,sprint+lava-contact,22096,22198,passthrough,pt,0.0,102
edfebd,alpha.hypixel.net,at s1 t3,at s1 t1,22247,22276,29,1.45,25.4,sprint+bonzo,22385,22414,passthrough,pt,0.0,29
edfebd,alpha.hypixel.net,at s1 t3,at s1 t2,22313,22343,30,1.5,26.0,sprint+jerryx6,22451,22481,passthrough,pt,0.0,30
edfebd,alpha.hypixel.net,at s1 t3,at ss,22846,22881,35,1.75,30.0,sprint+lava-contact,23017,23052,passthrough,pt,0.0,35
edfebd,alpha.hypixel.net,at s1 t3,at s1 right path,22950,22982,32,1.6,29.4,sprint+lava-contact,23121,23153,passthrough,pt,0.0,32
edfebd,alpha.hypixel.net,at s1 right path,at s1 t3,22987,23000,13,0.65,7.1,walk+leap,23158,23171,passthrough,pt,24.9,13
edfebd,alpha.hypixel.net,at s1 t4,at s1 t3,23514,23540,26,1.3,17.1,sprint+leap,23687,23713,passthrough,pt,3.2,26
edfebd,alpha.hypixel.net,at s1 t3,at s1 t4,23667,23690,23,1.15,26.7,sprint+lava-contact,23840,23863,passthrough,pt,0.0,23
edfebd,alpha.hypixel.net,at s1 t4,at s1 t3,23723,23728,5,0.25,1.1,leap,23896,23901,depart,settled,13.3,5
edfebd,alpha.hypixel.net,at s1 t3,at s1 t4,23739,23788,49,2.45,39.3,walk+lava-contact,23912,23961,passthrough,pt,0.0,49
edfebd,alpha.hypixel.net,at s1 t4,at s1 t3,23792,23797,5,0.25,1.2,leap,23965,23970,passthrough,pt,13.4,5
edfebd,alpha.hypixel.net,at s1 t3,at s1 t4,23868,23888,20,1.0,25.1,walk+lava-contact,24042,24062,passthrough,pt,0.0,20
edfebd,alpha.hypixel.net,at s1 t3,at s1 t4,23925,23961,36,1.8,32.7,walk+lava-contact,24098,24134,passthrough,pt,0.0,36
edfebd,alpha.hypixel.net,at s1 t4,at s1 t3,23972,23982,9,0.45,7.0,walk+leap,24146,24155,passthrough,pt,8.0,10
edfebd,alpha.hypixel.net,at s1 t3,at s1 right lever,24051,24098,47,2.35,39.7,sprint+lava-contact,24225,24272,passthrough,pt,0.0,47
edfebd,alpha.hypixel.net,at s1 right lever,at s1 t3,24113,24163,50,2.5,21.6,walk+leap+jerry,24287,24337,passthrough,pt,30.5,50
edfebd,alpha.hypixel.net,at s1 left lever,at s2 mid high,24825,24955,130,6.5,109.6,sprint+bonzo+lava-contact,24999,25129,passthrough,pt,0.0,130
edfebd,alpha.hypixel.net,in core,at ee4,26285,26287,2,0.1,2.5,walk,26460,26462,passthrough,pt,0.0,2
edfebd,alpha.hypixel.net,at ee4,in core,26322,26327,5,0.25,2.0,walk,26497,26502,passthrough,pt,0.0,5
edfebd,alpha.hypixel.net,in core,at ee4,26606,26607,1,0.05,1.6,sprint,26781,26782,passthrough,pt,0.0,1
edfebd,alpha.hypixel.net,at ee4,in core,26662,26665,3,0.15,1.4,walk,26837,26840,passthrough,pt,0.0,3
edfebd,alpha.hypixel.net,in core,at ee4,27143,27160,17,0.85,5.1,walk,27318,27335,passthrough,pt,0.0,17
edfebd,alpha.hypixel.net,at ee4,in core,27248,27263,14,0.7,5.3,walk,27424,27438,passthrough,pt,0.0,15
edfebd,alpha.hypixel.net,in core,at ee4,27405,27427,22,1.1,5.6,sprint,27580,27602,passthrough,pt,0.0,22
edfebd,alpha.hypixel.net,at s2 left lever,at s1 t3,29138,29184,46,2.3,53.3,sprint+leap+lava-contact,29347,29393,passthrough,pt,66.9,46
edfebd,alpha.hypixel.net,at s1 t3,at s1 t4,29201,29259,58,2.9,42.0,sprint+lava-contact,29410,29468,passthrough,pt,0.0,58
edfebd,alpha.hypixel.net,at s1 t4,at s1 left lever,29264,29277,13,0.65,8.7,sprint,29473,29486,passthrough,pt,0.0,13
edfebd,alpha.hypixel.net,at s1 left lever,in core,29281,29442,161,8.05,154.9,sprint+bonzo+lava-contact,29490,29651,passthrough,pt,0.0,161
edfebd,alpha.hypixel.net,in core,at ee4,29739,29755,16,0.8,2.3,walk,29949,29965,depart,settled,0.0,16
edfebd,alpha.hypixel.net,at ee4,in core,29778,29797,19,0.95,4.7,walk,29988,30007,passthrough,pt,0.0,19
edfebd,alpha.hypixel.net,in core,at ee4,30268,30270,2,0.1,1.4,sprint,30479,30481,passthrough,pt,0.0,2
edfebd,alpha.hypixel.net,at ee4,at s4 left lever,32033,32128,95,4.75,65.7,walk+lava-contact,32314,32409,depart,settled,0.0,95
edfebd,alpha.hypixel.net,at s1 t3,at s1 t1,33470,33496,26,1.3,26.9,sprint+bonzox2,33753,33779,key,settled,0.0,26
edfebd,alpha.hypixel.net,at s1 t3,at s1 t2,33527,33578,50,2.5,41.1,sprint+lava-contact,33811,33861,passthrough,pt,0.0,51
edfebd,alpha.hypixel.net,at s1 t3,at ss,33600,33636,35,1.75,30.1,sprint+lava-contact,33885,33920,passthrough,pt,0.0,36
edfebd,alpha.hypixel.net,at s1 t3,at s1 t4,33782,33818,36,1.8,38.4,walk+bonzo+lava-contact,34066,34102,passthrough,pt,0.0,36
edfebd,alpha.hypixel.net,at s1 t4,at s1 t3,33829,33851,22,1.1,0.4,leap,34113,34135,depart,settled,12.1,22
edfebd,alpha.hypixel.net,at s1 t3,at s1 t4,33859,33906,47,2.35,46.6,walk+bonzo+lava-contact,34143,34190,passthrough,pt,0.0,47
edfebd,alpha.hypixel.net,at s1 t4,at s1 t3,33908,33918,10,0.5,9.8,walk+leap,34192,34202,passthrough,pt,10.0,10
edfebd,alpha.hypixel.net,at s1 t3,at s1 t4,33982,34042,60,3.0,53.5,walk+bonzo+lava-contact,34266,34326,passthrough,pt,0.0,60
edfebd,alpha.hypixel.net,at s1 t3,at s1 t4,34056,34100,44,2.2,43.1,sprint+bonzo+lava-contact,34340,34384,passthrough,pt,0.0,44
edfebd,alpha.hypixel.net,at s1 t4,at s1 t3,34102,34109,7,0.35,6.4,walk+leap,34386,34393,passthrough,pt,11.7,7
edfebd,alpha.hypixel.net,at s1 t3,at s1 right lever,34244,34305,62,3.1,52.1,sprint+lava-contact,34528,34590,passthrough,pt,0.0,61
edfebd,alpha.hypixel.net,at s1 t3,at s1 left lever,34335,34388,54,2.7,47.5,sprint+lava-contact,34619,34673,passthrough,pt,0.0,53
edfebd,alpha.hypixel.net,at s1 left lever,at s1 t4,34413,34422,9,0.45,8.6,sprint+bonzo,34698,34707,passthrough,pt,0.0,9
edfebd,alpha.hypixel.net,at s1 t4,at ss,34960,35358,399,19.95,274.5,walk+bonzo+lava-contact,35246,35645,passthrough,pt,0.0,398
edfebd,alpha.hypixel.net,at ss,at s1 right lever,35364,35377,13,0.65,15.0,sprint+bonzo,35651,35664,passthrough,pt,0.0,13
edfebd,alpha.hypixel.net,at s1 right lever,at s1 t3,35396,35509,143,7.15,91.7,walk+leap+bonzo+lava-contact,35683,35826,passthrough,pt,56.5,113
edfebd,alpha.hypixel.net,at s1 t3,at s1 right path,35539,35569,30,1.5,28.1,sprint+lava-contact,35856,35886,passthrough,pt,0.0,30
edfebd,alpha.hypixel.net,at s1 right path,at s1 t3,35577,35586,9,0.45,4.0,walk+leap,35894,35903,passthrough,pt,23.4,9
edfebd,alpha.hypixel.net,at s1 t3,at s1 right lever,35604,35659,56,2.8,49.4,sprint+lava-contact,35921,35977,passthrough,pt,0.0,55
edfebd,alpha.hypixel.net,at s1 t3,at s1 left lever,35828,35872,43,2.15,33.7,sprint+lava-contact,36147,36190,passthrough,pt,0.0,44
edfebd,alpha.hypixel.net,at s1 left lever,at s1 t4,35892,36029,137,6.85,108.3,walk+lava-contact,36210,36347,passthrough,pt,0.0,137
edfebd,alpha.hypixel.net,at s1 t4,at s1 t3,36522,36542,20,1.0,13.8,walk,36841,36861,passthrough,pt,0.0,20
edfebd,alpha.hypixel.net,at s1 t4,at s1 t3,36556,36576,20,1.0,13.7,walk,36875,36895,passthrough,pt,0.0,20
edfebd,alpha.hypixel.net,at s1 t4,at s1 t3,36706,36725,19,0.95,16.3,sprint,37025,37044,passthrough,pt,0.0,19
edfebd,alpha.hypixel.net,at s1 t4,at s1 left lever,39577,39585,17,0.85,12.1,sprint+bonzo,39948,39965,passthrough,pt,0.0,8
edfebd,alpha.hypixel.net,at s2 right lever,at s2 left lever,40832,41612,791,39.55,372.2,walk+bonzox8+jerryx9+lava-contact,41205,41996,passthrough,pt,0.0,780
edfebd,alpha.hypixel.net,at s3 t3,at s3 t2,50885,50901,16,0.8,17.0,sprint,51319,51335,passthrough,pt,0.0,16
edfebd,alpha.hypixel.net,at s3 t3,at s4 t3,50956,51163,207,10.35,196.2,sprint+bonzox5+lava-contact,51390,51597,passthrough,pt,0.0,207
edfebd,alpha.hypixel.net,at s4 t3,at s4 right lever,51165,51188,23,1.15,30.5,sprint+lava-contact,51599,51622,passthrough,pt,0.0,23
edfebd,alpha.hypixel.net,at s4 right lever,at s4 left lever,51191,51203,12,0.6,12.4,sprint+bonzo,51625,51637,passthrough,pt,0.0,12
edfebd,alpha.hypixel.net,at s4 left lever,at s1 t3,51217,51309,93,4.65,68.1,sprint+bonzo,51651,51744,passthrough,pt,0.0,92
edfebd,alpha.hypixel.net,at s1 t3,at s1 t4,51313,51344,31,1.55,30.3,walk+lava-contact,51748,51779,passthrough,pt,0.0,31
edfebd,alpha.hypixel.net,at s1 t4,at s1 t3,51676,51700,25,1.25,15.7,walk,52111,52136,key,settled,0.0,24
edfebd,alpha.hypixel.net,at s1 t4,at s1 t3,52869,52888,19,0.95,13.7,walk,53306,53325,passthrough,pt,0.0,19
edfebd,alpha.hypixel.net,at s1 t4,at s1 t3,52900,52919,19,0.95,16.1,sprint,53337,53356,passthrough,pt,0.0,19
edfebd,alpha.hypixel.net,at s1 t4,at s1 t3,52940,52958,18,0.9,14.9,sprint,53377,53395,passthrough,pt,0.0,18
edfebd,alpha.hypixel.net,at s1 t4,at s1 t3,52974,52995,21,1.05,13.6,walk,53411,53432,key,settled,0.0,21
edfebd,alpha.hypixel.net,at s1 t4,at s1 t1,53773,53811,38,1.9,36.5,sprint,54210,54248,passthrough,pt,0.0,38
edfebd,alpha.hypixel.net,at s1 t4,at ss,53900,53918,17,0.85,15.5,sprint,54338,54355,passthrough,pt,0.0,18
edfebd,alpha.hypixel.net,at s1 t4,at ss,54019,54037,18,0.9,17.1,sprint,54457,54475,passthrough,pt,0.0,18
edfebd,alpha.hypixel.net,at s1 t4,at ss,54102,54127,25,1.25,17.2,sprint,54540,54565,passthrough,pt,0.0,25
edfebd,alpha.hypixel.net,at ss,at s1 t2,54130,54148,18,0.9,16.3,sprint,54568,54586,passthrough,pt,0.0,18
edfebd,alpha.hypixel.net,at s1 t4,at ss,54262,54279,17,0.85,15.8,sprint,54700,54717,passthrough,pt,0.0,17
edfebd,alpha.hypixel.net,at ss,at s1 t4,54281,54297,16,0.8,10.1,walk+leap,54719,54735,passthrough,pt,21.6,16
edfebd,alpha.hypixel.net,at s1 t4,at s1 t2,54307,54331,24,1.2,25.8,sprint,54745,54769,passthrough,pt,0.0,24
edfebd,alpha.hypixel.net,at s1 t2,at s1 t4,54340,54346,6,0.3,0.4,leap,54778,54784,passthrough,pt,29.6,6
edfebd,alpha.hypixel.net,at s1 t4,at s1 t1,54356,54390,34,1.7,38.2,sprint,54794,54828,passthrough,pt,0.0,34
edfebd,alpha.hypixel.net,at s1 t4,at s1 right lever,54617,54631,14,0.7,15.3,sprint,55055,55069,passthrough,pt,0.0,14
edfebd,alpha.hypixel.net,at s1 t4,at s1 right lever,54834,54859,25,1.25,20.6,sprint+bonzo,55272,55297,key,settled,0.0,25
edfebd,alpha.hypixel.net,at s1 t4,at s1 right lever,55209,55227,18,0.9,16.6,sprint,55647,55665,passthrough,pt,0.0,18
edfebd,alpha.hypixel.net,at s1 t4,at s1 right lever,55324,55338,14,0.7,15.4,sprint,55762,55776,passthrough,pt,0.0,14
edfebd,alpha.hypixel.net,at s1 t4,at s1 right lever,55694,55712,18,0.9,15.8,sprint,56133,56151,passthrough,pt,0.0,18
edfebd,alpha.hypixel.net,at s1 t4,at s1 right lever,55814,55829,15,0.75,15.9,sprint,56253,56268,passthrough,pt,0.0,15
edfebd,alpha.hypixel.net,at s1 t4,at s1 left lever,55971,55988,17,0.85,11.4,walk+bonzo,56423,56440,passthrough,pt,0.0,17
edfebd,alpha.hypixel.net,at s1 left lever,at s1 t4,55991,56009,17,0.85,9.5,no-input+leap,56443,56460,passthrough,pt,17.9,18
edfebd,alpha.hypixel.net,at s1 t4,at s1 left lever,56122,56138,15,0.75,11.7,walk+bonzo,56575,56590,passthrough,pt,0.0,16
edfebd,alpha.hypixel.net,at s1 left lever,at s1 t4,56187,56211,24,1.2,11.9,sprint+jerry,56639,56663,passthrough,pt,0.0,24
edfebd,alpha.hypixel.net,at s1 t4,at s1 right path,56250,56281,31,1.55,19.0,sprint+bonzo,56702,56733,passthrough,pt,0.0,31
edfebd,alpha.hypixel.net,at s1 right path,at s1 t2,56465,56490,25,1.25,24.2,sprint,56918,56943,passthrough,pt,0.0,25
edfebd,alpha.hypixel.net,at s1 t2,at s1 right path,56492,56518,26,1.3,6.3,no-input+leap,56945,56971,passthrough,pt,26.3,26
edfebd,alpha.hypixel.net,at s1 right path,at s1 t2,56590,56625,34,1.7,23.2,sprint,57044,57078,passthrough,pt,0.0,35
edfebd,alpha.hypixel.net,at s1 t2,at s1 right path,56625,56635,9,0.45,4.0,walk+leap,57079,57088,passthrough,pt,27.1,10
edfebd,alpha.hypixel.net,at s1 right path,at s1 t1,56648,56678,30,1.5,29.7,sprint,57102,57132,passthrough,pt,0.0,30
edfebd,alpha.hypixel.net,at s1 right path,at s1 t3,56701,56718,18,0.9,17.3,sprint,57154,57172,passthrough,pt,0.0,17
edfebd,alpha.hypixel.net,at s1 t3,at s1 right path,56725,56729,4,0.2,0.1,leap,57178,57182,passthrough,pt,20.9,4
edfebd,alpha.hypixel.net,at s1 right path,at s1 t4,56739,56748,8,0.4,10.8,sprint,57193,57201,passthrough,pt,0.0,9
edfebd,alpha.hypixel.net,at s1 t4,at s1 right path,56752,56768,15,0.75,0.3,leap,57206,57221,passthrough,pt,15.4,16
edfebd,alpha.hypixel.net,at s1 right path,at s1 right lever,56823,56831,8,0.4,7.3,sprint,57276,57284,passthrough,pt,0.0,8
edfebd,alpha.hypixel.net,at s1 right path,at s1 right lever,56947,56956,10,0.5,8.0,walk,57400,57410,passthrough,pt,0.0,9
edfebd,alpha.hypixel.net,at s1 right lever,at s1 right path,56958,56972,14,0.7,2.8,leap,57412,57426,passthrough,pt,6.4,14
edfebd,alpha.hypixel.net,at s1 right path,at s1 right lever,56985,56991,6,0.3,6.1,no-input,57439,57445,passthrough,pt,0.0,6
edfebd,alpha.hypixel.net,at s1 right path,at s1 right lever,57024,57031,7,0.35,5.5,sprint,57478,57485,passthrough,pt,0.0,7
edfebd,alpha.hypixel.net,at s1 right path,at s1 right lever,57228,57238,10,0.5,6.7,sprint,57682,57692,passthrough,pt,0.0,10
edfebd,alpha.hypixel.net,at s1 right path,at s1 right lever,57354,57361,7,0.35,5.4,sprint,57808,57815,passthrough,pt,0.0,7
edfebd,alpha.hypixel.net,at s1 right lever,at s1 right path,57362,57370,8,0.4,0.3,leap,57816,57824,passthrough,pt,8.9,8
edfebd,alpha.hypixel.net,at s1 right path,at s1 right lever,57381,57392,11,0.55,6.6,sprint,57835,57846,passthrough,pt,0.0,11
edfebd,alpha.hypixel.net,at s1 right path,at s1 right lever,57417,57423,6,0.3,4.8,sprint,57871,57877,passthrough,pt,0.0,6
edfebd,alpha.hypixel.net,at s1 right path,at s1 left lever,57451,57459,8,0.4,9.7,sprint,57905,57913,passthrough,pt,0.0,8
edfebd,alpha.hypixel.net,at s1 left lever,at s1 right path,57462,57483,21,1.05,10.0,walk+leap,57916,57937,passthrough,pt,18.5,21
edfebd,alpha.hypixel.net,at s1 right path,at s1 left lever,57503,57511,8,0.4,9.7,sprint,57957,57965,passthrough,pt,0.0,8
edfebd,alpha.hypixel.net,at s1 left lever,at s1 right path,57514,57523,9,0.45,0.4,leap,57968,57977,passthrough,pt,14.1,9
edfebd,alpha.hypixel.net,at s1 right path,at s1 left lever,57592,57607,15,0.75,13.2,sprint,58046,58061,passthrough,pt,0.0,15
edfebd,alpha.hypixel.net,at s1 right path,at s1 left lever,57671,57681,10,0.5,9.9,sprint,58125,58135,passthrough,pt,0.0,10
edfebd,alpha.hypixel.net,at s1 left lever,at s1 right path,57683,57698,15,0.75,6.7,no-input+leap,58137,58152,passthrough,pt,15.0,15
edfebd,alpha.hypixel.net,at s1 right path,at s1 left lever,57879,57889,10,0.5,9.8,sprint,58333,58343,passthrough,pt,0.0,10
edfebd,alpha.hypixel.net,at s1 left lever,at s1 right path,57890,57908,18,0.9,7.1,walk+leap,58344,58362,passthrough,pt,15.0,18
edfebd,alpha.hypixel.net,at s1 right path,at s1 left lever,57930,58064,134,6.7,108.9,walk+lava-contact,58384,58518,passthrough,pt,0.0,134
edfebd,alpha.hypixel.net,at s1 left lever,at s1 right lever,58299,58307,9,0.45,8.7,sprint,58753,58762,passthrough,pt,0.0,8
edfebd,alpha.hypixel.net,at s1 left lever,at s1 right lever,58341,58355,14,0.7,11.6,walk,58796,58810,passthrough,pt,0.0,14
edfebd,alpha.hypixel.net,at s1 left lever,at s1 right lever,58399,58410,11,0.55,9.5,walk,58854,58865,passthrough,pt,0.0,11
edfebd,alpha.hypixel.net,at s1 left lever,at s1 right lever,58438,58448,10,0.5,8.8,walk,58894,58904,passthrough,pt,0.0,10
edfebd,alpha.hypixel.net,at s1 left lever,at s1 right lever,58475,58486,11,0.55,9.3,walk,58931,58942,passthrough,pt,0.0,11
edfebd,alpha.hypixel.net,at s1 left lever,at s1 t4,58511,58519,8,0.4,9.8,sprint,58966,58974,passthrough,pt,0.0,8
edfebd,alpha.hypixel.net,at s1 t4,at s1 t3,58521,58535,14,0.7,12.1,sprint,58976,58990,passthrough,pt,0.0,14
edfebd,alpha.hypixel.net,at s1 left lever,at ss,58563,58583,20,1.0,20.5,sprint,59018,59038,passthrough,pt,0.0,20
edfebd,alpha.hypixel.net,at s1 left lever,at s1 t2,58604,58641,36,1.8,35.9,sprint+bonzo,59060,59096,passthrough,pt,0.0,37
edfebd,alpha.hypixel.net,at s1 t2,at s1 t1,58641,58652,10,0.5,7.8,walk,59097,59107,passthrough,pt,0.0,11
edfebd,alpha.hypixel.net,at s1 t1,at s1 left lever,58658,58664,6,0.3,0.1,leap,59113,59119,depart,settled,43.8,6
edfebd,alpha.hypixel.net,at s1 left lever,at s1 right path,58678,58688,11,0.55,12.2,sprint,59133,59144,passthrough,pt,0.0,10
edfebd,alpha.hypixel.net,at s1 right path,at ss,58690,58698,9,0.45,8.8,sprint,59145,59154,passthrough,pt,0.0,8
edfebd,alpha.hypixel.net,at ss,at s1 left lever,58701,58728,27,1.35,29.8,sprint+leap+lava-contact,59156,59183,passthrough,pt,42.1,27
edfebd,alpha.hypixel.net,at s1 left lever,at s1 t1,58928,58978,50,2.5,50.0,sprint,59383,59433,passthrough,pt,0.0,50
edfebd,alpha.hypixel.net,at s1 left lever,at s1 right path,58997,59008,11,0.55,12.1,sprint,59453,59464,passthrough,pt,0.0,11
edfebd,alpha.hypixel.net,at s1 right path,at ss,59010,59019,9,0.45,8.6,sprint+bonzo,59466,59475,passthrough,pt,0.0,9
edfebd,alpha.hypixel.net,at ss,at s1 left lever,59020,59047,27,1.35,11.7,walk+leap,59476,59503,passthrough,pt,27.5,27
edfebd,alpha.hypixel.net,at s1 left lever,at s1 t1,59140,59166,47,2.35,45.2,sprint+bonzo,59595,59642,passthrough,pt,0.0,26
edfebd,alpha.hypixel.net,at s1 t1,at s1 left lever,59169,59214,27,1.35,20.1,no-input+leap+lava-contact,59679,59706,depart,settled,43.4,45
edfebd,alpha.hypixel.net,at s1 left lever,at s1 t3,59272,59304,32,1.6,32.1,sprint,59764,59796,passthrough,pt,0.0,32
edfebd,alpha.hypixel.net,at s1 left lever,at s1 t4,59348,59358,10,0.5,8.8,sprint,59841,59851,passthrough,pt,0.0,10
edfebd,alpha.hypixel.net,at s1 t4,at s1 left lever,59392,59491,99,4.95,78.5,sprint+jerry+lava-contact,59885,59984,passthrough,pt,0.0,99
edfebd,alpha.hypixel.net,at s1 left lever,at s1 right lever,59612,59622,9,0.45,9.8,walk,60106,60115,passthrough,pt,0.0,10
edfebd,alpha.hypixel.net,at s1 right lever,at s1 left lever,59785,59800,16,0.8,13.2,walk,60278,60294,passthrough,pt,0.0,15
edfebd,alpha.hypixel.net,at s1 right lever,at ss,59824,59842,19,0.95,17.0,sprint,60317,60336,passthrough,pt,0.0,18
edfebd,alpha.hypixel.net,at s1 right lever,at s1 t3,59898,59938,40,2.0,33.0,sprint,60392,60432,passthrough,pt,0.0,40
edfebd,alpha.hypixel.net,at s1 right lever,at s1 t3,59962,59988,27,1.35,26.1,sprint,60455,60482,passthrough,pt,0.0,26
edfebd,alpha.hypixel.net,at s1 t3,at s1 right lever,59991,60017,26,1.3,17.3,walk+leap+bonzo+lava-contact,60485,60511,passthrough,pt,26.1,26
edfebd,alpha.hypixel.net,at s1 right lever,at s1 t4,60030,60047,16,0.8,17.0,sprint,60525,60541,passthrough,pt,0.0,17
edfebd,alpha.hypixel.net,at s1 right lever,at s1 t3,60085,60114,29,1.45,27.0,sprint,60579,60608,passthrough,pt,0.0,29
edfebd,alpha.hypixel.net,at s1 right lever,at s1 right path,60136,60141,5,0.25,6.5,sprint,60630,60635,passthrough,pt,0.0,5
edfebd,alpha.hypixel.net,at s1 right path,at s1 right lever,60142,60163,21,1.05,18.0,sprint+leap,60636,60657,passthrough,pt,22.0,21
edfebd,alpha.hypixel.net,at s1 right lever,at s1 right path,60174,60179,5,0.25,6.4,sprint,60668,60673,passthrough,pt,0.0,5
edfebd,alpha.hypixel.net,at s1 right path,at ss,60180,60190,10,0.5,9.2,sprint,60674,60684,passthrough,pt,0.0,10
edfebd,alpha.hypixel.net,at ss,at s1 right lever,60195,60207,12,0.6,4.3,walk+leap,60689,60701,passthrough,pt,20.4,12
edfebd,alpha.hypixel.net,at s1 right lever,at s1 right path,60255,60264,9,0.45,7.3,sprint+bonzo,60749,60758,passthrough,pt,0.0,9
edfebd,alpha.hypixel.net,at s1 right path,at s1 t2,60266,60292,26,1.3,22.6,sprint,60760,60786,passthrough,pt,0.0,26
edfebd,alpha.hypixel.net,at s1 t2,at s1 right lever,60296,60305,9,0.45,3.5,walk+leap,60790,60799,depart,settled,34.6,9
edfebd,alpha.hypixel.net,at s1 right lever,at ss,60318,60333,16,0.8,17.2,sprint,60812,60828,passthrough,pt,0.0,15
edfebd,alpha.hypixel.net,at ss,at s1 t1,60338,60363,25,1.25,22.1,sprint,60832,60857,passthrough,pt,0.0,25
edfebd,alpha.hypixel.net,at s1 t1,at s1 right lever,60368,60372,4,0.2,0.1,leap,60862,60866,passthrough,pt,41.1,4
edfebd,alpha.hypixel.net,at s1 right lever,at s1 right path,60441,60452,10,0.5,8.6,sprint,60936,60946,passthrough,pt,0.0,11
edfebd,alpha.hypixel.net,at s1 right path,at s1 right lever,60454,60467,14,0.7,11.1,walk+leap,60948,60962,passthrough,pt,16.0,13
edfebd,alpha.hypixel.net,at s1 right lever,at s1 left lever,60516,60525,8,0.4,9.6,sprint,61011,61019,passthrough,pt,0.0,9
edfebd,alpha.hypixel.net,at s1 left lever,at ee2,60529,60637,108,5.4,93.1,sprint+lava-contact,61023,61131,passthrough,pt,0.0,108
edfebd,alpha.hypixel.net,at ee2,at s2 t2,60714,60735,20,1.0,19.1,sprint,61209,61229,passthrough,pt,0.0,21
edfebd,alpha.hypixel.net,at ee2,at s2 t2,60825,60845,21,1.05,20.2,sprint,61319,61340,passthrough,pt,0.0,20
edfebd,alpha.hypixel.net,at s2 t2,at ee2,60846,60854,8,0.4,2.9,leap,61341,61349,passthrough,pt,20.7,8
edfebd,alpha.hypixel.net,at ee2,at s2 t2,60922,60939,17,0.85,16.1,sprint,61417,61434,passthrough,pt,0.0,17
edfebd,alpha.hypixel.net,at s2 t2,at ee2,60947,60950,3,0.15,0.0,leap,61442,61445,passthrough,pt,19.3,3
edfebd,alpha.hypixel.net,at ee2,at s2 t2,60956,60974,18,0.9,17.2,sprint,61451,61469,passthrough,pt,0.0,18
edfebd,alpha.hypixel.net,at s2 t2,at ee2,60977,60989,12,0.6,5.1,walk+leap,61472,61484,passthrough,pt,23.1,12
edfebd,alpha.hypixel.net,at ee2,at s2 t1,61134,61162,28,1.4,30.3,sprint,61629,61657,passthrough,pt,0.0,28
edfebd,alpha.hypixel.net,at ee2,at s2 t1,61192,61221,29,1.45,31.7,sprint,61687,61716,passthrough,pt,0.0,29
edfebd,alpha.hypixel.net,at ee2,at s2 high path,61243,61268,25,1.25,24.8,sprint,61738,61763,passthrough,pt,0.0,25
edfebd,alpha.hypixel.net,at s2 high path,at ee2,61277,61279,2,0.1,0.0,leap,61772,61774,passthrough,pt,27.4,2
edfebd,alpha.hypixel.net,at ee2,at s2 high path,61291,61313,22,1.1,24.2,sprint+bonzo,61787,61809,passthrough,pt,0.0,22
edfebd,alpha.hypixel.net,at s2 high path,at s2 left lever,61318,61326,9,0.45,6.3,sprint,61813,61822,passthrough,pt,0.0,8
edfebd,alpha.hypixel.net,at s2 left lever,at ee2,61328,61344,15,0.75,12.9,walk+leap,61824,61839,passthrough,pt,37.9,16
edfebd,alpha.hypixel.net,at ee2,at s2 high path,61351,61376,25,1.25,24.7,sprint+bonzox2,61846,61871,passthrough,pt,0.0,25
edfebd,alpha.hypixel.net,at s2 high path,at ee2,61378,61395,16,0.8,11.1,sprint+leap,61874,61890,passthrough,pt,35.4,17
edfebd,alpha.hypixel.net,at ee2,at s2 high path,61473,61495,23,1.15,23.6,sprint+bonzo,61968,61991,passthrough,pt,0.0,22
edfebd,alpha.hypixel.net,at s2 high path,at ee2,61500,61518,18,0.9,11.7,sprint+leap,61995,62013,passthrough,pt,35.5,18
edfebd,alpha.hypixel.net,at ee2,at s2 high path,61525,61550,25,1.25,23.8,sprint+bonzox3,62021,62046,passthrough,pt,0.0,25
edfebd,alpha.hypixel.net,at s2 high path,at s2 left lever,61553,61562,8,0.4,7.4,walk,62049,62057,passthrough,pt,0.0,9
edfebd,alpha.hypixel.net,at s2 left lever,at s2 right lever,61572,61585,13,0.65,10.9,walk,62067,62080,passthrough,pt,0.0,13
edfebd,alpha.hypixel.net,at ee2,at s2 mid high,61602,61615,14,0.7,13.5,sprint,62097,62111,passthrough,pt,0.0,13
edfebd,alpha.hypixel.net,at s2 mid high,at ee2,61617,61622,6,0.3,5.7,walk+leap,62112,62118,passthrough,pt,18.6,5
edfebd,alpha.hypixel.net,at ee2,at s2 t5,61632,61658,26,1.3,27.3,sprint,62128,62154,passthrough,pt,0.0,26
edfebd,alpha.hypixel.net,at s2 t5,at ee2,61660,61683,23,1.15,1.8,leap,62156,62179,passthrough,pt,26.3,23
edfebd,alpha.hypixel.net,at ee2,at s2 t4,61726,61763,37,1.85,38.4,sprint,62222,62259,passthrough,pt,0.0,37
edfebd,alpha.hypixel.net,at ee2,at s2 right lever,61911,61950,39,1.95,34.0,sprint+bonzo,62407,62446,passthrough,pt,0.0,39
edfebd,alpha.hypixel.net,at ee2,at s2 mid high,62043,62062,19,0.95,15.6,sprint,62539,62558,passthrough,pt,0.0,19
edfebd,alpha.hypixel.net,at ee2,at s2 t4,62173,62210,37,1.85,36.9,sprint,62670,62707,key,settled,0.0,37
edfebd,alpha.hypixel.net,at ee2,at s2 mid high,62327,62347,20,1.0,16.7,sprint,62824,62844,key,settled,0.0,20
edfebd,alpha.hypixel.net,at s2 mid high,at s2 t5,62501,62512,11,0.55,7.2,sprint,62998,63009,passthrough,pt,0.0,11
edfebd,alpha.hypixel.net,at s2 t5,at s2 mid high,62514,62531,17,0.85,17.8,walk+leap+lava-contact,63011,63028,passthrough,pt,21.9,17
edfebd,alpha.hypixel.net,at s2 mid high,at s2 t5,62563,62572,9,0.45,7.7,sprint,63060,63069,passthrough,pt,0.0,9
edfebd,alpha.hypixel.net,at s2 t5,at s2 mid high,62578,62593,15,0.75,0.2,leap,63075,63090,passthrough,pt,11.7,15
edfebd,alpha.hypixel.net,at s2 mid high,at s2 t3,62625,62648,22,1.1,19.4,sprint,63123,63145,passthrough,pt,0.0,23
edfebd,alpha.hypixel.net,at s2 mid high,at s2 t2,62817,62835,18,0.9,16.5,sprint,63314,63332,passthrough,pt,0.0,18
edfebd,alpha.hypixel.net,at s2 t2,at s2 mid high,62843,62844,1,0.05,0.0,leap,63341,63342,aim,settled,16.5,1
edfebd,alpha.hypixel.net,at s2 mid high,at s2 t2,63091,63109,19,0.95,15.4,sprint,63588,63607,passthrough,pt,0.0,18
edfebd,alpha.hypixel.net,at s2 mid high,at s2 t1,63170,63220,50,2.5,40.5,sprint+bonzo+lava-contact,63668,63718,passthrough,pt,0.0,50
edfebd,alpha.hypixel.net,at s2 mid high,at s2 t1,63485,63530,45,2.25,36.9,sprint+bonzo,63984,64029,passthrough,pt,0.0,45
edfebd,alpha.hypixel.net,at s2 mid high,at s2 t1,63554,63601,46,2.3,35.2,sprint+bonzo,64053,64099,passthrough,pt,0.0,47
edfebd,alpha.hypixel.net,at s2 mid high,at s2 t2,63620,63644,24,1.2,19.4,sprint+bonzo,64118,64142,depart,settled,0.0,24
edfebd,alpha.hypixel.net,at s2 t2,at s2 t1,63645,63663,18,0.9,17.1,sprint,64143,64161,passthrough,pt,0.0,18
edfebd,alpha.hypixel.net,at s2 mid high,at s2 t1,63678,63720,41,2.05,37.1,sprint+bonzox2,64177,64218,passthrough,pt,0.0,42
edfebd,alpha.hypixel.net,at s2 mid high,at s2 t1,63783,63838,55,2.75,36.3,walk+bonzo,64282,64337,passthrough,pt,0.0,55
edfebd,alpha.hypixel.net,at s2 mid high,at s2 t1,63850,63898,47,2.35,33.6,sprint+bonzo,64349,64396,passthrough,pt,0.0,48
edfebd,alpha.hypixel.net,at s2 mid high,at s2 t1,63911,63963,51,2.55,40.5,sprint+bonzo+lava-contact,64410,64461,passthrough,pt,0.0,52
edfebd,alpha.hypixel.net,at s2 mid high,at s2 t1,63978,64030,52,2.6,41.9,sprint+bonzo+lava-contact,64477,64529,passthrough,pt,0.0,52
edfebd,alpha.hypixel.net,at s2 mid high,at s2 t1,64047,64087,41,2.05,37.5,sprint+bonzo,64545,64586,passthrough,pt,0.0,40
edfebd,alpha.hypixel.net,at s2 t1,at s2 mid high,64092,64097,5,0.25,0.0,leap,64590,64595,passthrough,pt,28.6,5
edfebd,alpha.hypixel.net,at s2 mid high,at s2 t4,64181,64204,24,1.2,21.6,sprint,64679,64703,passthrough,pt,0.0,23
edfebd,alpha.hypixel.net,at s2 mid high,at s2 right lever,64386,64412,26,1.3,20.5,walk,64916,64942,passthrough,pt,0.0,26
edfebd,alpha.hypixel.net,at s2 mid high,at ee2,64622,64678,56,2.8,27.0,sprint+jerry,65153,65209,passthrough,pt,0.0,56
edfebd,alpha.hypixel.net,at s2 mid high,at s2 left lever,64869,64911,42,2.1,26.2,sprint+jerryx3+bonzo,65400,65442,passthrough,pt,0.0,42
edfebd,alpha.hypixel.net,at s2 mid high,at s2 t4,67903,68162,259,12.95,59.8,walk+leap,68439,68698,passthrough,pt,11.6,259
edfebd,alpha.hypixel.net,at s2 t4,at s2 t1,68190,68233,43,2.15,16.3,walk+bonzo,68726,68769,depart,settled,0.0,43
edfebd,alpha.hypixel.net,at s2 t1,at s2 t3,68245,68279,34,1.7,15.9,sprint+lava-contact,68781,68815,passthrough,pt,0.0,34
edfebd,alpha.hypixel.net,at s2 t3,at s2 t5,68282,68395,113,5.65,93.0,sprint+leapx2+lava-contact,68818,68931,passthrough,pt,37.2,113
edfebd,alpha.hypixel.net,at s2 t5,at s2 right lever,68403,68494,92,4.6,93.5,sprint+leap+bonzo+lava-contact,68940,69032,passthrough,pt,26.9,91
edfebd,alpha.hypixel.net,at s2 right lever,at s2 mid low,68818,68867,49,2.45,1.0,walk+bonzo,69356,69405,passthrough,pt,0.0,49
edfebd,alpha.hypixel.net,at s2 mid low,at s2 t1,68899,68914,15,0.75,13.2,sprint,69437,69452,passthrough,pt,0.0,15
edfebd,alpha.hypixel.net,at s2 t1,at s2 mid low,68916,68936,20,1.0,2.8,leap+bonzo,69454,69474,passthrough,pt,12.5,20
edfebd,alpha.hypixel.net,at s2 mid low,at s2 t1,68937,68950,13,0.65,11.3,sprint,69475,69488,passthrough,pt,0.0,13
edfebd,alpha.hypixel.net,at s2 t1,at ee2,68952,69065,112,5.6,81.3,walk+leapx2+bonzo+lava-contact,69491,69603,passthrough,pt,37.7,113
edfebd,alpha.hypixel.net,at ee2,at s2 high path,69492,69574,82,4.1,63.4,sprint+leap+jerryx3+bonzo+lava-contact,70031,70113,passthrough,pt,22.3,82
edfebd,alpha.hypixel.net,at s2 high path,at s2 left lever,69578,69587,9,0.45,7.4,walk,70117,70126,passthrough,pt,0.0,9
edfebd,alpha.hypixel.net,at s2 left lever,at s2 right lever,69599,69707,109,5.45,88.2,sprint+leap+bonzox2+jerry+lava-contact,70138,70247,passthrough,pt,25.3,108
edfebd,alpha.hypixel.net,at s2 right lever,at s2 t5,69732,69867,135,6.75,103.3,sprint+bonzo+lava-contact,70272,70407,passthrough,pt,0.0,135
edfebd,alpha.hypixel.net,at s2 t5,at s2 t3,69988,70017,29,1.45,17.9,walk,70528,70557,depart,settled,0.0,29
edfebd,alpha.hypixel.net,at s2 t5,at s2 t3,70031,70066,35,1.75,21.3,walk,70571,70606,key,settled,0.0,35
edfebd,alpha.hypixel.net,at s2 t5,at s2 t3,70086,70111,25,1.25,19.5,sprint,70626,70651,depart,settled,0.0,25
edfebd,alpha.hypixel.net,at s2 t5,at s2 t4,70272,70294,22,1.1,22.5,sprint,70812,70834,passthrough,pt,0.0,22
edfebd,alpha.hypixel.net,at s2 t5,at s2 right lever,70329,70343,14,0.7,12.2,walk,70869,70883,passthrough,pt,0.0,14
edfebd,alpha.hypixel.net,at s2 t5,at s2 right lever,70397,70412,15,0.75,13.6,walk,70937,70952,passthrough,pt,0.0,15
edfebd,alpha.hypixel.net,at s2 right lever,at s2 t5,70429,70458,28,1.4,16.4,walk+leap+jerryx2,70970,70998,passthrough,pt,19.6,29
edfebd,alpha.hypixel.net,at s2 t5,at s2 right lever,70480,70496,16,0.8,13.8,walk,71020,71036,passthrough,pt,0.0,16
edfebd,alpha.hypixel.net,at s2 right lever,at s2 t5,70523,70557,34,1.7,18.7,sprint+leap+jerryx9,71063,71097,passthrough,pt,19.0,34
edfebd,alpha.hypixel.net,at s2 t5,at s2 right lever,70579,70588,10,0.5,10.2,walk,71119,71129,passthrough,pt,0.0,9
edfebd,alpha.hypixel.net,at s2 right lever,at s2 t5,70611,70632,20,1.0,10.3,sprint+leap+jerry,71152,71172,passthrough,pt,19.4,21
edfebd,alpha.hypixel.net,at s2 t5,at s2 right lever,70734,70744,9,0.45,8.9,walk,71275,71284,passthrough,pt,0.0,10
edfebd,alpha.hypixel.net,at s2 right lever,at s2 t5,70764,70790,25,1.25,12.9,sprint+leap+jerryx6,71305,71330,passthrough,pt,19.4,26
edfebd,alpha.hypixel.net,at s2 t5,at s2 right lever,70808,70816,9,0.45,9.1,walk,71348,71357,passthrough,pt,0.0,8
edfebd,alpha.hypixel.net,at s2 right lever,at s2 left lever,70838,70855,17,0.85,9.6,sprint+jerryx2,71378,71395,passthrough,pt,0.0,17
edfebd,alpha.hypixel.net,at s2 left lever,at s2 t5,70855,70862,7,0.35,3.9,walk+leap,71396,71403,passthrough,pt,19.6,7
edfebd,alpha.hypixel.net,at s2 t5,at s2 right lever,70878,70887,8,0.4,8.8,sprint,71419,71427,passthrough,pt,0.0,9
edfebd,alpha.hypixel.net,at s2 right lever,at s2 t5,70901,70927,25,1.25,13.1,sprint+leap+jerryx7,71442,71467,passthrough,pt,19.3,26
edfebd,alpha.hypixel.net,at s2 t5,at s2 right lever,70942,70950,8,0.4,8.7,sprint,71483,71491,passthrough,pt,0.0,8
edfebd,alpha.hypixel.net,at s2 right lever,at s2 t5,70974,70995,21,1.05,9.9,sprint+leap+jerryx6,71515,71536,passthrough,pt,18.1,21
edfebd,alpha.hypixel.net,at s2 t5,at s2 right lever,71013,71022,9,0.45,8.8,walk,71554,71563,passthrough,pt,0.0,9
edfebd,alpha.hypixel.net,at s2 t5,at s2 t2,71059,71080,21,1.05,18.2,sprint,71600,71621,passthrough,pt,0.0,21
edfebd,alpha.hypixel.net,at s2 t2,at s2 t5,71083,71096,13,0.65,5.4,walk+leap,71624,71637,passthrough,pt,23.5,13
edfebd,alpha.hypixel.net,at s2 t5,at s2 t2,71229,71244,15,0.75,17.6,sprint,71770,71785,passthrough,pt,0.0,15
edfebd,alpha.hypixel.net,at s2 t2,at s2 t5,71246,71263,17,0.85,14.1,walk+leap,71787,71804,passthrough,pt,28.4,17
edfebd,alpha.hypixel.net,at s2 t5,at s2 t2,71276,71291,15,0.75,17.6,sprint,71817,71832,passthrough,pt,0.0,15
edfebd,alpha.hypixel.net,at s2 t2,at s2 t1,71295,71316,21,1.05,16.9,walk,71836,71857,passthrough,pt,0.0,21
edfebd,alpha.hypixel.net,at s2 t5,at s2 mid high,71391,71404,13,0.65,7.7,sprint,71932,71945,passthrough,pt,0.0,13
edfebd,alpha.hypixel.net,at s2 t5,at ee2,71653,71719,65,3.25,62.6,walk+jerryx5+lava-contact,72195,72260,passthrough,pt,0.0,66
edfebd,alpha.hypixel.net,at s2 t5,at s2 left lever,71843,71895,52,2.6,30.2,sprint+jerryx4+bonzo,72385,72437,passthrough,pt,0.0,52
edfebd,alpha.hypixel.net,at s2 left lever,at s2 t5,71898,71902,4,0.2,2.1,leap,72439,72443,passthrough,pt,20.1,4
edfebd,alpha.hypixel.net,at s2 t5,at s2 left lever,72048,72096,48,2.4,29.0,sprint+jerryx3+bonzo,72620,72668,passthrough,pt,0.0,48
edfebd,alpha.hypixel.net,at s2 left lever,at s2 t5,72099,72112,13,0.65,11.8,walk+leap,72671,72684,passthrough,pt,20.1,13
edfebd,alpha.hypixel.net,at s2 t5,at s2 left lever,72269,72310,41,2.05,28.4,sprint+jerryx3+bonzo,72841,72882,passthrough,pt,0.0,41
edfebd,alpha.hypixel.net,at s2 t5,at s2 left lever,72339,72385,46,2.3,29.8,sprint+jerryx3+bonzo,72911,72957,passthrough,pt,0.0,46
edfebd,alpha.hypixel.net,at s2 left lever,at s2 t5,72396,72397,1,0.05,0.0,leap,72968,72969,passthrough,pt,24.0,1
edfebd,alpha.hypixel.net,at s2 t5,at s2 t2,72474,72521,47,2.35,30.1,sprint+bonzo+jerry,73047,73094,passthrough,pt,0.0,47
edfebd,alpha.hypixel.net,at s2 t2,at s2 t5,73330,73381,50,2.5,31.2,sprint+leap+bonzox2,73905,73955,passthrough,pt,16.3,51
edfebd,alpha.hypixel.net,at s2 t5,at s2 t2,73409,73428,19,0.95,17.4,sprint,73983,74002,passthrough,pt,0.0,19
edfebd,alpha.hypixel.net,at s2 t2,at s2 t5,73430,73456,25,1.25,20.5,walk+leap+lava-contact,74005,74030,passthrough,pt,24.8,26
edfebd,alpha.hypixel.net,at s2 t5,at s2 t2,73465,73484,18,0.9,17.9,sprint,74040,74058,passthrough,pt,0.0,19
edfebd,alpha.hypixel.net,at s2 t2,at s2 t5,73916,73944,28,1.4,25.5,sprint+jerryx2+bonzo,74491,74519,passthrough,pt,0.0,28
edfebd,alpha.hypixel.net,at s2 t5,at s2 t2,73944,73955,10,0.5,4.7,walk+leap,74520,74530,passthrough,pt,20.9,11
edfebd,alpha.hypixel.net,at s2 t2,at s2 right lever,74011,74060,50,2.5,36.6,sprint+jerryx2+bonzo,74586,74636,passthrough,pt,0.0,49
edfebd,alpha.hypixel.net,at s2 right lever,at s2 t2,74068,74082,13,0.65,5.4,no-input+leap,74644,74657,passthrough,pt,35.2,14
edfebd,alpha.hypixel.net,at s2 t2,at s2 t1,74144,74160,16,0.8,14.1,walk,74719,74735,passthrough,pt,0.0,16
edfebd,alpha.hypixel.net,at s2 t1,at s2 t2,74169,74170,1,0.05,0.0,leap,74745,74746,key,settled,15.1,1
edfebd,alpha.hypixel.net,at s2 t2,at s2 t4,74183,74208,26,1.3,28.9,sprint,74758,74784,passthrough,pt,0.0,25
edfebd,alpha.hypixel.net,at s2 t2,at s2 t3,74419,74447,28,1.4,29.3,sprint,74995,75023,passthrough,pt,0.0,28
edfebd,alpha.hypixel.net,at s2 t3,at s2 t2,74461,74471,10,0.5,3.0,walk+leap,75037,75047,key,settled,19.0,10
edfebd,alpha.hypixel.net,at s2 t2,at s2 t3,74664,74692,28,1.4,27.8,sprint,75240,75268,passthrough,pt,0.0,28
edfebd,alpha.hypixel.net,at s2 t3,at s2 t2,74694,74706,12,0.6,3.9,walk+leap,75270,75282,passthrough,pt,20.9,12
edfebd,alpha.hypixel.net,at s2 t2,at s2 t3,74715,74746,32,1.6,31.7,sprint+lava-contact,75291,75323,passthrough,pt,0.0,31
edfebd,alpha.hypixel.net,at s2 t3,at s2 t2,74748,74776,28,1.4,15.3,walk+leap,75324,75352,passthrough,pt,12.2,28
edfebd,alpha.hypixel.net,at s2 t2,at s2 t3,74786,74812,26,1.3,26.2,sprint,75362,75388,passthrough,pt,0.0,26
edfebd,alpha.hypixel.net,at s2 t2,at s2 t3,74928,74985,57,2.85,33.3,walk+bonzo,75505,75562,passthrough,pt,0.0,57
edfebd,alpha.hypixel.net,at s2 t3,at ee3,74987,75142,155,7.75,127.4,sprint+bonzo+lava-contact,75564,75719,passthrough,pt,0.0,155
edfebd,alpha.hypixel.net,at ee3,at s2 t2,75143,75189,45,2.25,21.6,sprint+leap,75720,75765,passthrough,pt,59.1,46
edfebd,alpha.hypixel.net,at s2 t2,at ee2,75206,75269,62,3.1,55.5,sprint+jerryx7+lava-contact,75783,75845,passthrough,pt,0.0,63
edfebd,alpha.hypixel.net,at ee2,at s2 high path,75372,75395,24,1.2,24.9,sprint+bonzo,75948,75972,key,settled,0.0,23
edfebd,alpha.hypixel.net,at s2 high path,at s2 left lever,75399,75409,9,0.45,6.7,sprint,75976,75985,passthrough,pt,0.0,10
edfebd,alpha.hypixel.net,at s2 left lever,at ee2,75410,75419,8,0.4,5.0,walk+leap,75987,75995,passthrough,pt,35.6,9
edfebd,alpha.hypixel.net,at ee2,at s2 high path,75487,75510,23,1.15,23.2,sprint+bonzo,76064,76087,passthrough,pt,0.0,23
edfebd,alpha.hypixel.net,at s2 high path,at s2 left lever,75514,75521,7,0.35,7.3,sprint,76091,76098,passthrough,pt,0.0,7
edfebd,alpha.hypixel.net,at s2 left lever,at ee3,75526,75579,54,2.7,55.4,sprint,76102,76156,passthrough,pt,0.0,53
edfebd,alpha.hypixel.net,at ee2,at s2 right lever,75605,75644,39,1.95,35.1,sprint+bonzo,76182,76221,passthrough,pt,0.0,39
edfebd,alpha.hypixel.net,at ee2,at s2 high path,75717,75740,23,1.15,23.4,sprint+bonzo,76294,76317,passthrough,pt,0.0,23
edfebd,alpha.hypixel.net,at s2 high path,at s2 left lever,75744,75753,9,0.45,6.7,sprint,76321,76330,passthrough,pt,0.0,9
edfebd,alpha.hypixel.net,at s2 left lever,at ee2,75755,75763,8,0.4,5.0,walk+leap,76332,76340,passthrough,pt,35.6,8
edfebd,alpha.hypixel.net,at ee2,at s2 high path,75861,75884,23,1.15,23.4,sprint+bonzo,76438,76461,passthrough,pt,0.0,23
edfebd,alpha.hypixel.net,at s2 high path,at s2 left lever,75888,75894,6,0.3,6.6,sprint,76465,76471,passthrough,pt,0.0,6
edfebd,alpha.hypixel.net,at s2 left lever,at s3 t3,75896,75985,89,4.45,60.6,sprint+bonzo,76474,76563,passthrough,pt,0.0,89
edfebd,alpha.hypixel.net,at ee2,at s2 high path,76067,76090,23,1.15,23.5,sprint+bonzo,76645,76668,passthrough,pt,0.0,23
edfebd,alpha.hypixel.net,at s2 high path,at s2 left lever,76095,76103,9,0.45,6.7,sprint,76672,76681,passthrough,pt,0.0,8
edfebd,alpha.hypixel.net,at s2 left lever,at s2 high path,76128,76142,13,0.65,8.8,sprint,76706,76719,passthrough,pt,0.0,14
edfebd,alpha.hypixel.net,at s2 high path,at s2 right lever,76897,76908,11,0.55,10.6,sprint,77521,77532,passthrough,pt,0.0,11
edfebd,alpha.hypixel.net,at s2 high path,at s2 left lever,76936,76940,4,0.2,7.0,sprint,77560,77564,passthrough,pt,0.0,4
edfebd,alpha.hypixel.net,at s2 left lever,at s2 high path,76943,76957,14,0.7,7.2,walk+leap,77567,77581,passthrough,pt,16.1,14
edfebd,alpha.hypixel.net,at s2 high path,at s2 t5,76977,76993,16,0.8,15.5,sprint,77601,77617,passthrough,pt,0.0,16
edfebd,alpha.hypixel.net,at s2 t5,at s2 high path,76995,77004,9,0.45,1.0,leap,77619,77628,passthrough,pt,17.8,9
edfebd,alpha.hypixel.net,at s2 high path,at s2 t2,77049,77081,32,1.6,33.2,sprint,77673,77705,passthrough,pt,0.0,32
edfebd,alpha.hypixel.net,at s2 high path,at s2 t1,77102,77149,47,2.35,50.8,sprint,77726,77773,passthrough,pt,0.0,47
edfebd,alpha.hypixel.net,at s2 high path,at s3 t3,77860,77936,75,3.75,61.1,sprint+bonzo,78485,78560,passthrough,pt,0.0,76
edfebd,alpha.hypixel.net,at s2 high path,at s2 left lever,78018,78025,7,0.35,6.1,sprint,78643,78650,passthrough,pt,0.0,7
edfebd,alpha.hypixel.net,at s2 left lever,at s2 right lever,78591,78601,10,0.5,10.1,walk,79216,79226,passthrough,pt,0.0,10
edfebd,alpha.hypixel.net,at s2 left lever,at s2 t5,78624,78645,21,1.05,21.3,sprint,79249,79270,passthrough,pt,0.0,21
edfebd,alpha.hypixel.net,at s2 t5,at s2 t3,78648,78667,19,0.95,17.9,walk,79273,79292,passthrough,pt,0.0,19
edfebd,alpha.hypixel.net,at s2 left lever,at s3 t3,80245,80310,65,3.25,56.7,sprint+bonzo,80872,80937,passthrough,pt,0.0,65
edfebd,alpha.hypixel.net,at s2 left lever,at ee3,80625,80687,63,3.15,60.6,sprint+lava-contact,81280,81343,passthrough,pt,0.0,62
edfebd,alpha.hypixel.net,at ee3,at s2 left lever,80689,80692,3,0.15,2.6,leap,81344,81347,passthrough,pt,42.8,3
edfebd,alpha.hypixel.net,at s2 left lever,at ee3,80772,80827,56,2.8,59.0,sprint+lava-contact,81427,81483,passthrough,pt,0.0,55
edfebd,alpha.hypixel.net,at ee3,at s2 left lever,80829,80833,4,0.2,0.5,leap,81484,81488,passthrough,pt,44.7,4
edfebd,alpha.hypixel.net,at s2 left lever,at ee3,81282,81335,54,2.7,52.4,sprint,81938,81992,passthrough,pt,0.0,53
edfebd,alpha.hypixel.net,at s2 left lever,at s3 t4,81412,81580,168,8.4,149.9,sprint+bonzox4+lava-contact,82069,82237,key,settled,0.0,168
edfebd,alpha.hypixel.net,at s3 t4,at s3 t3,81581,81678,97,4.85,79.1,walk+lava-contact,82238,82335,passthrough,pt,0.0,97
edfebd,alpha.hypixel.net,at s3 t3,at arrows,82304,82334,30,1.5,26.1,sprint+bonzo,82962,82992,passthrough,pt,0.0,30
edfebd,alpha.hypixel.net,at arrows,at s3 t3,82340,82356,16,0.8,10.8,walk+leap+lava-contact,82998,83014,passthrough,pt,27.3,16
edfebd,alpha.hypixel.net,at s3 t3,at arrows,82393,82424,31,1.55,25.6,sprint+bonzo,83051,83082,passthrough,pt,0.0,31
edfebd,alpha.hypixel.net,at arrows,at s3 t3,82428,82462,34,1.7,23.5,walk+leap+lava-contact,83086,83120,passthrough,pt,23.6,34
edfebd,alpha.hypixel.net,at s3 t3,at arrows,82560,82589,29,1.45,26.0,sprint+bonzo,83218,83247,passthrough,pt,0.0,29
edfebd,alpha.hypixel.net,at s3 t3,at arrows,82607,82637,30,1.5,25.9,sprint+bonzo,83265,83295,passthrough,pt,0.0,30
edfebd,alpha.hypixel.net,at arrows,at s3 t3,82643,82653,10,0.5,5.2,walk+leap,83301,83311,passthrough,pt,24.3,10
edfebd,alpha.hypixel.net,at s3 t3,at arrows,82826,82855,29,1.45,26.0,sprint+bonzo,83484,83513,passthrough,pt,0.0,29
edfebd,alpha.hypixel.net,at s3 t3,at s3 t1,83133,83159,26,1.3,32.0,sprint,83843,83869,passthrough,pt,0.0,26
edfebd,alpha.hypixel.net,at s3 t3,at s3 t2,83271,83287,16,0.8,16.1,sprint,83981,83997,passthrough,pt,0.0,16
edfebd,alpha.hypixel.net,at s3 t3,at s3 t4,83324,83356,32,1.6,30.5,sprint+bonzo,84034,84066,passthrough,pt,0.0,32
edfebd,alpha.hypixel.net,at s3 t4,at s3 t3,83359,83366,7,0.35,1.1,leap,84069,84076,passthrough,pt,26.3,7
edfebd,alpha.hypixel.net,at s3 t3,at s3 t4,83473,83507,34,1.7,29.2,sprint+bonzo,84184,84218,passthrough,pt,0.0,34
edfebd,alpha.hypixel.net,at s3 t3,at s3 left lever,83806,83918,112,5.6,91.2,sprint+bonzox2+lava-contact,84518,84630,passthrough,pt,0.0,112
edfebd,alpha.hypixel.net,at s3 left lever,at s3 right lever,83919,83962,43,2.15,30.3,sprint+bonzo+jerryx5,84631,84674,passthrough,pt,0.0,43
edfebd,alpha.hypixel.net,at s3 right lever,at s3 t3,83988,83994,6,0.3,5.6,walk+leap,84700,84706,passthrough,pt,29.7,6
edfebd,alpha.hypixel.net,at s3 t3,at s3 left lever,84006,84074,68,3.4,56.8,sprint+bonzox2,84718,84786,key,settled,0.0,68
edfebd,alpha.hypixel.net,at s3 left lever,at s3 t3,84078,84094,16,0.8,7.2,walk+leap+bonzo+jerry,84790,84806,passthrough,pt,39.8,16
edfebd,alpha.hypixel.net,at s3 t3,at s3 right lever,84279,84370,91,4.55,74.0,walk+bonzox3+lava-contact,84992,85083,key,settled,0.0,91
edfebd,alpha.hypixel.net,at s3 t3,at s3 t4,84403,84439,36,1.8,33.9,sprint+bonzo,85116,85152,key,settled,0.0,36
edfebd,alpha.hypixel.net,at s3 t3,at s3 t4,84463,84528,82,4.1,55.6,sprint+bonzo+lava-contact,85176,85258,key,settled,0.0,65
edfebd,alpha.hypixel.net,at s3 t4,at s4 t1,84535,84705,172,8.6,142.9,sprint+lava-contact,85264,85436,passthrough,pt,0.0,170
edfebd,alpha.hypixel.net,at s4 t1,at ee4,84711,84956,245,12.25,211.1,sprint+bonzox8+jerryx3+lava-contact,85442,85687,passthrough,pt,0.0,245
edfebd,alpha.hypixel.net,at ee4,in core,84958,84962,4,0.2,2.2,sprint,85689,85693,passthrough,pt,0.0,4
edfebd,alpha.hypixel.net,in core,at s2 t2,84968,85103,135,6.75,135.9,sprint+lava-contact,85699,85834,passthrough,pt,0.0,135
edfebd,alpha.hypixel.net,at s2 t2,in core,85219,85268,49,2.45,65.9,sprint,85950,85999,passthrough,pt,0.0,49
edfebd,alpha.hypixel.net,in core,at ee4,85273,85276,2,0.1,3.0,sprint,86005,86007,passthrough,pt,0.0,3
edfebd,alpha.hypixel.net,at ee4,at s2 t2,85279,85290,11,0.55,0.3,leap,86010,86021,passthrough,pt,76.0,11
edfebd,alpha.hypixel.net,at s2 t2,in core,85465,85514,49,2.45,65.6,sprint,86197,86246,passthrough,pt,0.0,49
edfebd,alpha.hypixel.net,at s2 t2,in core,85788,85832,44,2.2,66.2,sprint,86520,86564,passthrough,pt,0.0,44
edfebd,alpha.hypixel.net,at s2 t2,in core,85899,85940,41,2.05,65.3,sprint,86632,86673,passthrough,pt,0.0,41
edfebd,alpha.hypixel.net,in core,at ee4,85946,85947,2,0.1,2.8,sprint,86678,86680,passthrough,pt,0.0,1
f493f7,stuck.hypixel.net,at ss,at s1 right path,341269,341277,6,0.3,6.1,sprint+bonzo,429171,429177,depart,settled,0.0,8
f493f7,stuck.hypixel.net,at s1 right path,at ss,341280,341338,58,2.9,47.8,sprint+lava-contact,429180,429238,passthrough,pt,0.0,58
f493f7,stuck.hypixel.net,at ss,at s1 right path,341342,341349,8,0.4,8.4,sprint+bonzo,429242,429250,passthrough,pt,0.0,7
f493f7,stuck.hypixel.net,at s1 right path,at s1 right lever,341350,341356,5,0.25,6.0,sprint,429251,429256,passthrough,pt,0.0,6
f493f7,stuck.hypixel.net,at s1 right lever,at s1 left lever,341365,341373,9,0.45,8.7,walk,429265,429274,passthrough,pt,0.0,8
f493f7,stuck.hypixel.net,at s1 left lever,at s1 t4,341392,341405,13,0.65,11.7,sprint,429293,429306,passthrough,pt,0.0,13
f5de63,stuck.hypixel.net,at ss,at s1 t3,49971,50424,454,22.7,145.6,walk+teleport(STARRED_BONZO_STAFF)+leap+bonzox4+lava-contact,50977,51431,passthrough,pt,68.6,453
f5de63,stuck.hypixel.net,at ee2,at s2 t5,50486,50511,25,1.25,26.0,sprint,51494,51519,passthrough,pt,0.0,25
f5de63,stuck.hypixel.net,at s2 t5,at ee3,50516,50646,130,6.5,72.8,walk+teleport(INFINITE_SPIRIT_LEAP)+leap+lava-contact,51523,51653,passthrough,pt,46.1,130
f5de63,stuck.hypixel.net,at ee3,at ee4,50652,50754,103,5.15,60.5,walk+leap+bonzo+lava-contact,51659,51762,passthrough,pt,55.2,102
f5de63,stuck.hypixel.net,at ee4,at s4 t3,50779,50800,21,1.05,24.0,sprint,51788,51809,key,settled,0.0,21
f5de63,stuck.hypixel.net,at s4 t3,at s4 right lever,50834,50862,28,1.4,30.8,walk+lava-contact,51844,51872,passthrough,pt,0.0,28
f5de63,stuck.hypixel.net,at s4 right lever,in core,50869,50887,18,0.9,12.4,walk+leap+bonzo,51879,51897,passthrough,pt,30.6,18
fd7887,stuck.hypixel.net,at ss,at s1 right lever,84937,84953,16,0.8,15.0,sprint+bonzo,87701,87717,passthrough,pt,0.0,16
fd7887,stuck.hypixel.net,at s1 right lever,at s1 left lever,85033,85042,9,0.45,9.1,sprint,87799,87808,passthrough,pt,0.0,9
fd7887,stuck.hypixel.net,at s1 left lever,at ee2,85046,85156,111,5.55,83.1,sprint+teleport(DUNGEONBREAKER)+lava-contact,87812,87923,passthrough,pt,3.0,110
fd7887,stuck.hypixel.net,at ee2,at s2 t2,85328,85421,95,4.75,87.3,walk+lava-contact,88097,88192,passthrough,pt,0.0,93
fd7887,stuck.hypixel.net,at s2 t2,at s2 t3,85452,85481,29,1.45,24.1,sprint,88224,88253,key,settled,0.0,29
fd7887,stuck.hypixel.net,at s2 t3,at s2 right lever,85510,85554,45,2.25,43.5,sprint+lava-contact,88282,88327,passthrough,pt,0.0,44
fd7887,stuck.hypixel.net,at s2 right lever,at s2 t3,85554,85598,44,2.2,35.9,walk+bonzo,88328,88372,passthrough,pt,0.0,44
fd7887,stuck.hypixel.net,at s2 t3,in core,85599,85678,79,3.95,87.1,sprint+teleport(STARRED_BONZO_STAFF)+lava-contact,88374,88453,passthrough,pt,3.0,79
fd7887,stuck.hypixel.net,in core,at ee4,85688,85694,6,0.3,2.3,walk,88464,88470,passthrough,pt,0.0,6
fd7887,stuck.hypixel.net,at ee4,in core,86036,86041,5,0.25,2.2,walk,88816,88821,passthrough,pt,0.0,5
fd7887,stuck.hypixel.net,in core,at ee4,86154,86157,3,0.15,2.7,sprint,88935,88938,passthrough,pt,0.0,3
fd7887,stuck.hypixel.net,in core,at ee4,86175,86177,2,0.1,2.1,sprint,88956,88958,passthrough,pt,0.0,2
fd7887,stuck.hypixel.net,at ee4,in core,86205,86207,2,0.1,2.2,sprint,88986,88988,passthrough,pt,0.0,2
fe27c6,stuck.hypixel.net,at ss,at s1 right path,363667,363674,7,0.35,5.8,sprint+bonzo,451930,451937,passthrough,pt,0.0,7
fe27c6,stuck.hypixel.net,at s1 right path,at s1 right lever,363678,363684,6,0.3,5.8,sprint,451941,451947,passthrough,pt,0.0,6
fe27c6,stuck.hypixel.net,at s1 right lever,at s1 left lever,363761,363770,9,0.45,8.9,walk,452025,452034,passthrough,pt,0.0,9
fe27c6,stuck.hypixel.net,at s1 left lever,at ee2,363775,363880,107,5.35,83.5,sprint+teleport(DUNGEONBREAKER)+lava-contact,452039,452146,passthrough,pt,3.0,105
fe27c6,stuck.hypixel.net,at s3 t2,at s3 right lever,364489,364660,173,8.65,117.1,walk+leap+bonzo+lava-contact,452765,452938,passthrough,pt,15.6,171
fe27c6,stuck.hypixel.net,at s3 right lever,at s4 t1,364672,364779,109,5.45,84.3,sprint+bonzo+jerryx2,452949,453058,passthrough,pt,0.0,107
fe27c6,stuck.hypixel.net,at s4 t1,at ee4,364782,364886,105,5.25,66.6,sprint+jerryx10+bonzox2,453061,453166,passthrough,pt,0.0,104
fe27c6,stuck.hypixel.net,at ee4,in core,364887,364892,5,0.25,2.6,walk,453167,453172,passthrough,pt,0.0,5
fe27c6,stuck.hypixel.net,in core,at ee4,365000,365033,34,1.7,30.3,walk+bonzo,453282,453316,passthrough,pt,0.0,33
fe27c6,stuck.hypixel.net,at ee4,in core,365036,365037,2,0.1,2.2,sprint,453319,453321,passthrough,pt,0.0,1
